Series Name,Series Code,Country Name,Country Code,1995 [YR1995],1996 [YR1996],1997 [YR1997],1998 [YR1998],1999 [YR1999],2000 [YR2000],2001 [YR2001],2002 [YR2002],2003 [YR2003],2004 [YR2004],2005 [YR2005],2006 [YR2006],2007 [YR2007],2008 [YR2008],2009 [YR2009],2010 [YR2010],2011 [YR2011],2012 [YR2012],2013 [YR2013],2014 [YR2014],2015 [YR2015]
GDP (current US$),NY.GDP.MKTP.CD,Afghanistan,AFG,,,,,,,2461665937.89386,4128820723.04713,4583644246.48061,5285465685.86423,6275073571.54659,7057598406.61553,9843842455.48323,10190529882.4878,12486943505.7381,15936800636.2487,17930239399.8149,20536542736.7297,20046334303.9661,20050189881.6659,19331286549.3323
GDP (current US$),NY.GDP.MKTP.CD,Albania,ALB,2424499009.14264,3314898291.37753,2359903108.25164,2707123772.39715,3414760915.22464,3632043907.78974,4060758804.1064,4435078647.86039,5746945912.88569,7314865175.67485,8158548716.52941,8992642348.95796,10701011896.7708,12881352687.7773,12044212903.8168,11926953258.916,12890867538.5302,12319784787.2987,12781029643.5936,13219857459.1009,11398392444.316
GDP (current US$),NY.GDP.MKTP.CD,Algeria,DZA,41764052457.8814,46941496779.8499,48177862501.9495,48187747528.899,48640574566.9786,54790245600.6141,54744714396.5684,56760288973.3478,67863829879.9395,85324998813.9719,103198228458.489,117027304746.615,134977087734.369,171000691878.381,137211039897.737,161207268655.591,200013051408.161,209047389309.727,209722675517.938,213983107815.848,164779467702.947
GDP (current US$),NY.GDP.MKTP.CD,American Samoa,ASM,,,,,,,,514000000,527000000,512000000,503000000,496000000,520000000,563000000,678000000,576000000,574000000,644000000,639000000,638000000,641000000
GDP (current US$),NY.GDP.MKTP.CD,Andorra,AND,1178738991.19295,1223945356.62682,1180597272.72727,1211932397.81713,1239876305.13531,1401695227.56587,1484017897.09172,1717485413.13759,2373927765.23702,2916786689.84356,3248215396.09501,3536632793.87781,4010990966.32904,4001201113.22689,3650083356.48791,3346516556.29139,3427022518.76564,3146151869.45908,3248924588.42273,,
GDP (current US$),NY.GDP.MKTP.CD,Angola,AGO,5039552482.42778,7526446605.51712,7648377412.83277,6445041824.66621,6152922942.98032,9129594818.60749,8936063723.20121,12497346669.6684,14188949190.618,19640848728.8937,28233712830.9035,41789478661.3096,60448921272.2326,84178032716.0971,75492384801.3695,82470913120.7314,104115923082.737,115398371427.673,124912063308.202,126776874216.703,102626929544.805
GDP (current US$),NY.GDP.MKTP.CD,Antigua and Barbuda,ATG,494185185.185185,541074074.074074,579851851.851852,620037037.037037,651851851.851852,783837851.851852,773765185.185185,802529333.333333,839996370.37037,898356148.148148,997374111.111111,1135143592.59259,1289254333.33333,1347349851.85185,1206410370.37037,1135539037.03704,1129918370.37037,1204713111.11111,1200587518.51852,1220976000,1259259259.25926
GDP (current US$),NY.GDP.MKTP.CD,Argentina,ARG,258031750000,272149750000,292859000000,298948250000,283523000000,284203750000,268696750000,97724004251.8602,127586973492.177,164657930461.189,198737095024.998,232557260828.303,287530508421.561,361558037105.274,332976484584.295,423627422103.855,530163281582.146,545982375704.347,552025140256.732,526319673732.799,584711485365.112
GDP (current US$),NY.GDP.MKTP.CD,Armenia,ARM,1468317350.02343,1596968913.19202,1639492424.38103,1893726437.35976,1845482181.48539,1911563665.39006,2118467913.37873,2376335048.39976,2807061008.69084,3576615240.41616,4900469515.07252,6384451606.1421,9206301700.39619,11662040713.8753,8647936747.98704,9260284937.79782,10142111334.4961,10619320048.5857,11121465767.4067,11609512939.7543,10529182498.3475
GDP (current US$),NY.GDP.MKTP.CD,Aruba,ABW,1320670391.06145,1379888268.15642,1531843575.41899,1665363128.49162,1722798882.68156,1873452513.96648,1920262569.8324,1941094972.06704,2021301675.97765,2228279329.60894,2331005586.59218,2421474860.3352,2623726256.98324,2791960893.85475,2498932960.89385,2467703910.61453,2584463687.15084,,,,
GDP (current US$),NY.GDP.MKTP.CD,Australia,AUS,367949212949.213,401335356600.91,435571294412.271,399293902190.87,388672139365.835,414951956289.644,378459268004.723,394196316450.398,466348281887.012,612695262483.995,693075477371.824,746880802635.52,853053309256.497,1054557743957.03,926563834486.821,1142250506474.06,1389919156068.22,1537477830480.51,1563950959269.52,1454675479665.84,1339140527498.13
GDP (current US$),NY.GDP.MKTP.CD,Austria,AUT,240457622492.152,236720496490.772,212323463750.141,217683626056.025,216725261027.062,196421706283.398,196953628635.347,212970685111.989,260721478555.305,299857238639.185,314648986444.472,334309371471.584,386458951546.674,427611527757.434,397594276187.83,390235099337.748,429010675562.969,407451583084.239,428248420485.175,438376178526.317,376950249528.668
GDP (current US$),NY.GDP.MKTP.CD,Azerbaijan,AZE,3052467522.36104,3176749593.11788,3962710163.11167,4446396217.63265,4581222442.45783,5272617196.04517,5707618246.56848,6236024951.20423,7275766111.24309,8680511918.49357,13245421880.834,20983019923.8863,33050343782.7759,48852482960.0779,44291490420.5026,52902703376.1056,65951627200.2026,68730906313.6456,73560484384.9586,75198010965.1919,53047140347.4527
GDP (current US$),NY.GDP.MKTP.CD,"Bahamas, The",BHS,3429000000,3609000000,4961119000,5353524000,6019972000,6327552000,6516651000,6957996000,6949317000,7094413000,7706222000,7965588000,8318996000,8246650000,7820420000,7909580000,7889750000,8399031000,8521997500,8617738100,8853519100
GDP (current US$),NY.GDP.MKTP.CD,Bahrain,BHR,5849467819.14894,6101861436.17021,6349202393.61702,6183776595.74468,6621010372.34043,9062906914.89362,8976207712.76596,9632155053.19149,11074822074.4681,13150166755.3191,15968726861.7021,18505053191.4894,21730000000,25710877659.5745,22938218085.1064,25713271276.5957,28776595744.6809,30749308510.6383,32539441489.3617,33387712765.9575,31125851063.8298
GDP (current US$),NY.GDP.MKTP.CD,Bangladesh,BGD,37939748051.3878,46438482370.3942,48244308274.8086,49984559471.3656,51270569883.5275,53369787318.6245,53991289844.3291,54724081490.5102,60158929188.2556,65108544250.0425,69442943089.4309,71819083683.7403,79611888213.148,91631278239.3237,102477791472.39,115279077465.226,128637938711.386,133355749482.478,149990451022.29,172885454931.453,195078665827.565
GDP (current US$),NY.GDP.MKTP.CD,Barbados,BRB,2261996995.18515,2411846465.43502,2549260575.07039,2874413287.26735,3012021852.2502,3121619807.97687,3116632412.98352,3169612598.33334,3274856571.16603,3514370691.25564,3897467233.85757,4303275572.40198,4546115388.40716,4595264666.36232,4601200362.60463,4446829722.72591,4358920097.55454,4332141067.26626,4371196622.64321,4352734313.10536,4385250000
GDP (current US$),NY.GDP.MKTP.CD,Belarus,BLR,13972637603.2102,14756861538.4615,14128412417.193,15222014828.3039,12138485328.6267,12736856485.1068,12354820143.8849,14594925392.9691,17825436034.5366,23141587717.7633,30210091836.8294,36961821893.6976,45275747860.6442,60752177438.8895,49208656976.039,55220932613.958,59734593904.6402,63615445566.8483,73097619636.8208,76103961203.4406,54608962634.9908
GDP (current US$),NY.GDP.MKTP.CD,Belgium,BEL,289567597153.804,281357654723.127,254813937753.721,260602356079.129,260202429149.798,237904919845.218,237841610738.255,258860342555.995,319003386004.515,370885274397.815,387365999253.824,409813072387.404,471821790309.335,518626043650.212,484552653514.865,483577483443.709,526975257158.743,497884088082.651,520091913424.264,531761517044.614,455085948763.447
GDP (current US$),NY.GDP.MKTP.CD,Belize,BLZ,620140400,641383800,654314350,688992450,732732350,832072450,871860600,932551850,990374038.916065,1057845487.01254,1114222545.68238,1217467601.14436,1290573396.53153,1369603993.98571,1338515647.69315,1398362215.83775,1488894464.89739,1573867323.54972,1625828111.72853,1717861729.53812,1752861127.94553
GDP (current US$),NY.GDP.MKTP.CD,Benin,BEN,2169627250.93379,2361116587.86079,2268301537.65128,2455092582.30927,2689787917.50711,2569186642.86999,2680213931.46472,3054571081.6912,3905366187.87017,4521424807.22519,4803702821.08056,5142380779.44103,5969535131.58016,7132787396.66547,7097198711.61023,6970240895.49888,7814081155.64988,8152554487.31321,9156748441.42175,9707432015.61441,8290986804.45245
GDP (current US$),NY.GDP.MKTP.CD,Bermuda,BMU,2030749952,2695390000,2932827000,3130748000,3324433000,3480219000,3680483000,3937228000,4186525000,4484703000,4868136000,5414299000,5895048000,6109928000,5806378000,5744414000,5550771000,5537537000,5573710000,,
GDP (current US$),NY.GDP.MKTP.CD,Bhutan,BTN,303053462.843047,316420860.852385,365964500.137703,376955087.251575,419035810.496981,439158233.199822,476360697.181606,537050133.717342,622026107.771576,702682018.976169,818869145.124717,897731524.929922,1196091805.02316,1258332337.28382,1264758197.96593,1585472534.10547,1820207625.80217,1823692109.61652,1798333725.83954,1958819914.95916,2057947621.19283
GDP (current US$),NY.GDP.MKTP.CD,Bolivia,BOL,6715220507.05164,7396966657.47054,7925673448.41368,8497545598.08352,8285075872.27307,8397912509.09679,8141537937.61068,7905485216.17852,8082364868.39357,8773451738.91129,9549077869.1065,11451869164.7112,13120159975.5451,16674357238.5781,17340028490.0285,19649692875.5683,23963096439.383,27084515195.369,30659334298.1187,32996237337.1925,32997684515.1954
GDP (current US$),NY.GDP.MKTP.CD,Bosnia and Herzegovina,BIH,1866572953.73665,2786045321.63743,3671816504.23851,4116699437.4041,4685729738.56209,5505984455.95855,5748990666.17862,6651226179.01829,8370020196.19158,10022840634.9206,11225138297.1959,12866524918.2221,15776422673.198,19101454463.7507,17600630726.6141,17163117551.4626,18628022743.4257,17207367625.8048,18154290272.2151,18523988466.7571,16191716214.6829
GDP (current US$),NY.GDP.MKTP.CD,Botswana,BWA,4730611067.02258,4847752842.78924,5020214747.45261,4790458837.17078,5484257417.17844,5788329609.15755,5489608299.66445,5438857106.73536,7511582173.37724,8957467706.5354,9931134940.51346,10126940513.3125,10939053367.1521,10945070447.5102,10267133183.7388,12786654369.6595,15682926890.0326,14686278713.5189,14814761247.9547,15880203580.8046,14389717321.1029
GDP (current US$),NY.GDP.MKTP.CD,Brazil,BRA,785643456467.255,850425828275.793,883199443413.729,863723395088.324,599388879704.634,655421153320.579,559372502338.237,507962741819.919,558320116997.075,669316239316.239,891629970423.924,1107640325472.35,1397084381901.29,1695824517395.57,1667019605881.76,2208871646202.82,2616201578192.25,2465188674415.03,2472806919901.67,2455993200170,1803652649613.75
GDP (current US$),NY.GDP.MKTP.CD,British Virgin Islands,VGB,,,,,,,,,,,,,,,,,,,,,
GDP (current US$),NY.GDP.MKTP.CD,Brunei Darussalam,BRN,4734020036.68689,5115602836.87943,5197332974.13793,4051147227.53346,4600000000,6001153306.2645,5601090584.36122,5843329107.56171,6557333084.60567,7872333215.00414,9531402847.87311,11470703002.0769,12247694247.2298,14393099068.5859,10732366286.2643,13707370737.0737,18525319977.7407,19048495518.5659,18093829923.2737,17123125493.2912,12930394937.8137
GDP (current US$),NY.GDP.MKTP.CD,Bulgaria,BGR,13063422619.0476,10109404159.6402,11195630536.8928,14630974778.4594,13495062850.302,13148099185.2305,14135393875.5893,16360346653.8276,21074775206.3254,26094622563.6468,29821662537.3229,34304448149.8108,44765733379.986,54666642734.2757,51783454183.5501,50610031135.7791,57418391041.5926,53903028252.2996,55758744571.1183,56732006512.0065,50199117547.0415
GDP (current US$),NY.GDP.MKTP.CD,Burkina Faso,BFA,2379518099.2266,2586550747.09844,2447669403.89018,2804902723.73145,2991748387.09677,2628920056.10098,2812532813.18202,3207747085.51083,4098643482.34347,4839877683.94744,5458343594.30942,5843872989.47876,6762399882.91926,8350808396.60563,8148059793.81443,8988623686.33791,10746062858.3563,11166654260.5289,11930742614.3262,12257141798.2204,10678201939.3595
GDP (current US$),NY.GDP.MKTP.CD,Burundi,BDI,1000428393.88528,869033856.317093,972896267.915425,893770806.077641,808077223.365746,870486065.883137,876794723.068586,825394490.159111,784654423.620476,915257323.3961,1117257279.46188,1273180597.02711,1356078278.18821,1611634331.64869,1739781488.7457,2026864469.36388,2355652125.85184,2472384906.99794,2714505634.52629,3093647226.8107,3097324739.82522
GDP (current US$),NY.GDP.MKTP.CD,Cabo Verde,CPV,487148993.533109,501979069.274683,490608657.924976,521910560.524868,592416703.058878,539227277.626411,563024383.296626,620974660.230303,813963830.179217,924318490.7598,971977088.156914,1107891063.43863,1513934037.24782,1789332788.19218,1711816593.14186,1664310632.50555,1864823990.99337,1751887838.54178,1850952140.46767,1881496591.95896,1603239233.28178
GDP (current US$),NY.GDP.MKTP.CD,Cambodia,KHM,3441205692.9166,3506695719.57259,3443413388.6909,3120425502.58253,3517242477.2285,3654031716.26881,3979813387.84404,4284028138.34567,4658246906.65996,5337833255.95698,6293046162.12584,7274595706.67154,8639235842.18075,10351914093.1723,10401851850.6108,11242275198.9783,12829541141.0127,14038383450.186,15449630418.5486,16777820332.7059,18049954289.4229
GDP (current US$),NY.GDP.MKTP.CD,Cameroon,CMR,8733231184.34755,9732328115.73674,9840553235.89425,9629649416.89037,10486451144.4061,9287367235.25769,9633109349.64535,10879778384.1965,13621738837.1961,15775357014.6254,16587858856.6778,17953066721.0949,20431780377.8605,23322254113.5623,23381142146.6485,23622483983.7101,26587311527.5711,26472056037.7696,29567504655.4935,32050817632.9602,28415950981.4447
GDP (current US$),NY.GDP.MKTP.CD,Canada,CAN,604031623433.401,628546387972.131,652825364726.275,631813279406.808,676082654640.91,742293448252.643,736379777892.562,757950678646.53,892380986367.854,1023196003074.56,1169357979864.66,1315415197461.21,1464977190205.75,1549131208997.19,1371153004986.44,1613406134731.12,1788703385548.26,1824288757447.57,1842628005830.18,1792883225804.38,1552807652015.37
GDP (current US$),NY.GDP.MKTP.CD,Cayman Islands,CYM,,1012444074.07495,,,,,,,,,,3207032512.94205,,,,,,,,,
GDP (current US$),NY.GDP.MKTP.CD,Central African Republic,CAF,1115389731.79119,1007791186.20106,937741468.029676,967338348.658314,999477510.686632,914500299.097034,931833302.752857,991387870.12463,1139754799.16304,1270080250.65268,1350301057.06866,1460562038.37097,1698125617.92304,1985370057.92473,1981728140.77833,1986014845.63184,2212699746.81377,2184183758.31567,1518565219.01061,1702898939.55483,1583776759.97697
GDP (current US$),NY.GDP.MKTP.CD,Chad,TCD,1445919969.89272,1607345450.04578,1544689502.82472,1744794457.276,1534673583.2487,1385058161.76746,1709347793.32873,1987622279.11463,2736666515.8294,4414929219.99649,6646663021.43571,7422102519.56848,8638711442.7705,10351932604.4154,9253484108.49701,10657705536.4978,12156380425.0825,12368071038.7362,12949854262.8127,13922223233.5184,10888798113.7866
GDP (current US$),NY.GDP.MKTP.CD,Channel Islands,CHI,,,,5945677376.61477,6262740656.85164,6439703434.71024,6232906290.4851,6663669064.7482,7332244897.95918,8553643354.08275,8827272727.27273,9676172953.08188,11514605842.3369,,,,,,,,
GDP (current US$),NY.GDP.MKTP.CD,Chile,CHL,71349202308.6423,75769008174.2547,82808986191.6005,79373597080.1017,72995286764.4168,79328640263.7676,72336972322.4242,70984568428.6004,77840186384.8713,100630707851.787,124404150138.227,154671012210.645,173081277147.793,179626674542.406,171956955710.33,217538271334.673,250832362674.151,265231582123.55,277078709134.903,258733363811.966,240796388428.74
GDP (current US$),NY.GDP.MKTP.CD,China,CHN,734548001963.907,863746361646.34,961603416246.472,1029043011921.59,1093997559885.48,1211346395438.73,1339395440432.04,1470549716080.71,1660287543796.06,1955347477285.91,2285965854313.36,2752132089196.58,3552182714426.55,4598205419718.8,5109954035775.98,6100620356557.32,7572554360442.62,8560546868811.69,9607224248684.59,10482371325324.7,11064664793255.7
GDP (current US$),NY.GDP.MKTP.CD,Colombia,COL,92507279383.0387,97160109277.8087,106659508271.255,98443739941.1664,86186158684.7685,99886577330.7271,98203546156.3102,97933391976.083,94684584162.773,117074863821.85,146566264837.014,162590146096.414,207416494642.379,243982437870.84,233821670544.258,287018184637.529,335415156702.186,369659700375.52,380191881860.372,378416020533.715,292080155633.31
GDP (current US$),NY.GDP.MKTP.CD,Comoros,COM,231896229.562629,230495751.446593,212099634.697751,215394066.068976,222580453.753844,203846427.738737,220093812.206791,246737679.472106,317562269.371107,368143118.68996,380372892.606774,406111873.539847,462453582.873627,523134896.968654,524157261.014644,530493353.218937,586281766.75997,570865941.229393,618663921.771194,647720707.13635,565689764.52408
GDP (current US$),NY.GDP.MKTP.CD,"Congo, Dem. Rep.",COD,5643439262.21735,5771454939.62404,6090840548.18784,6215591269.89747,4711259427.27273,19088046305.7971,7438189100.33333,8728038525.14034,8937567059.87754,10297483481.223,11964484667.9102,14296507096.4135,16364029327.3456,19206060270.2521,18262773820.8055,20523285374.187,23849009737.6669,27463220380.0054,30014813755.772,32782281736.251,35237742278.1147
GDP (current US$),NY.GDP.MKTP.CD,"Congo, Rep.",COG,2116003868.17928,2540697537.71673,2322719101.29807,1949481380.64044,2353909441.71514,3219910666.03357,2794259756.13093,3019993723.13308,3495868724.68452,4648628839.53457,6087002681.74095,7731261310.93322,8394688284.06224,11859014004.0772,9593536531.23778,12007880590.4575,14425607224.168,13677930123.5919,14085852120.4761,14177437627.2969,8553154505.83585
GDP (current US$),NY.GDP.MKTP.CD,Costa Rica,CRI,11513472693.8707,11618286553.3677,12552071367.1539,13617405420.1174,14195623424.811,14949514585.1585,15913363335.0564,16504795453.2822,17195867540.353,18529767934.4743,19952156474.8454,22600431878.0024,26743874286.8514,30612932802.8991,30562361151.812,37268635328.7341,42262697853.6349,46473128236.8416,49639737973.791,50167623289.763,54136834090.867
GDP (current US$),NY.GDP.MKTP.CD,Cote d'Ivoire,CIV,11000146839.497,12139234938.7863,11722142706.1278,12612033728.8572,12376639822.9265,10717022462.6859,11192560827.2962,12346919216.1359,15306602560.2533,16554441846.5192,17084928927.4555,17800887796.4987,20343635319.6174,24224903099.6283,24277493862.0625,24884505034.5564,25381616734.0693,27040562587.1771,31264187110.3554,34217693110.4569,31759248867.8039
GDP (current US$),NY.GDP.MKTP.CD,Croatia,HRV,22387561845.2244,23678012697.3612,23822087053.2091,25432144406.2043,23386945596.6928,21774273832.1031,23289671102.3197,26878499206.0165,34658113497.39,41574530815.5047,45416076680.8707,50453577898.4886,60093155532.7678,70481451814.3118,62703095750.5257,59680624422.3702,62249565358.9878,56485301967.4205,57770884728.6496,57136241867.0192,48732003674.38
GDP (current US$),NY.GDP.MKTP.CD,Cuba,CUB,30429803651.2192,25017300000,25366200000,25736331247.1786,28364615241.6894,30565400000,31682400000,33590500000,35901200000,38203000000,42643836074.8,52742800000,58603900000,60806300000,62080000000,64328000000,68990000000,73141000000,77148000000,80656100000,87132800000
GDP (current US$),NY.GDP.MKTP.CD,Curacao,CUW,,,,,,,,,,,,,,,,,,,,,
GDP (current US$),NY.GDP.MKTP.CD,Cyprus,CYP,9826778783.9586,9899623588.45671,9594298745.72406,10353506787.3303,10614455231.931,10183317624.8822,10567304189.4353,11618269230.7692,14576896942.2424,17422375000,18703146374.829,20403713461.2972,24077470572.1325,27839460963.8201,25942622950.8197,25562251655.6291,27427161523.4918,25012206090.1966,24054965480.616,23308212816.7706,19559942331.1523
GDP (current US$),NY.GDP.MKTP.CD,Czech Republic,CZE,59537113790.5049,66775046785.4354,61621364981.4187,66372594575.1707,64719461254.5271,61474265134.5364,67375623427.4642,81696651658.8981,99300329682.0164,118976023159.713,135990215966.674,155213006071.979,188818155388.125,235204812643.146,205729790694.015,207015860050.371,227948564356.715,207376427020.815,209402444996.104,207818330723.835,185156359571.116
GDP (current US$),NY.GDP.MKTP.CD,Denmark,DNK,185006961302.299,187632400365.599,173537588008.176,176992000955.11,177965224620.854,164158800460.219,164791416350.267,178635160297.415,218095997085.477,251373036671.062,264467308109.19,282884912894.33,319423370134.284,353361056079.716,321241396034.248,321993919027.044,344003948814.424,327148899962.146,343584385594.132,352296969840.949,301307828843.613
GDP (current US$),NY.GDP.MKTP.CD,Djibouti,DJI,497723960.589913,494004647.73437,502675542.001227,514267869.300758,536080148.097299,551230861.856506,572417440.820162,591122039.601398,622044665.515049,666072101.777505,708633194.726566,768873684.032838,847918929.107984,999105339.267729,1049110684.72493,1128611700.3618,1239144501.77525,1353632941.5207,1455000000,1588000000,1727000000
GDP (current US$),NY.GDP.MKTP.CD,Dominica,DMA,224037037.037037,236444444.444444,245781481.481481,258440740.740741,267740740.740741,335845814.814815,343119370.37037,337695740.740741,350091222.222222,374771481.481481,370370370.37037,390370370.37037,421375851.851852,458190185.185185,489074333.333333,493824407.407407,500988407.407407,485905592.592593,508447148.148148,528178703.703704,517218962.962963
GDP (current US$),NY.GDP.MKTP.CD,Dominican Republic,DOM,16358496124.031,18131813000.6281,19593869595.0191,21171523985.0642,21709726722.118,23996063503.0497,24892521236.9553,26571620978.7885,21277165885.6865,22039232609.9553,34004033803.9438,35952845582.5029,44169678153.1566,48288967303.4896,48376555305.6902,53954579003.5277,57746684847.0898,60613645121.3529,61965942056.6828,65231032303.2418,68102618092.1031
GDP (current US$),NY.GDP.MKTP.CD,Ecuador,ECU,24432884442.2211,25226393196.5983,28162053026.5133,27981896948.4742,19645272636.3182,18327764882.4412,24468324000,28548945000,32432859000,36591661000,41507085000,46802044000,51007777000,61762635000,62519686000,69555367000,79276664000,87924544000,95129659000,102292260000,100176808000
GDP (current US$),NY.GDP.MKTP.CD,"Egypt, Arab Rep.",EGY,60159245060.4542,67629716981.1321,78436578171.0914,84828807556.0803,90710704806.8416,99838543960.0763,97632008709.853,87850683978.6691,82924503942.6381,78845185293.4964,89685725230.2517,107484034870.974,130478960092.499,162818181818.182,188982374700.805,218888324504.753,236001858960.015,276353323880.224,286011230726.274,301498960051.639,330778550716.746
GDP (current US$),NY.GDP.MKTP.CD,El Salvador,SLV,9500500000,10315500000,11134700000,12008400000,12464700000,13134100000,13812700000,14306700000,15046700000,15798300000,17093800000,18550700000,20104900000,21431000000,20661000000,21418300000,23139000000,23813600000,24350900000,25054200000,25850200000
GDP (current US$),NY.GDP.MKTP.CD,Equatorial Guinea,GNQ,141853368.256815,232463036.435759,442337849.474377,370687618.717326,621117885.668503,1045998496.43872,1461139022.02954,1806742742.27311,2484745935.09329,4410764338.66733,8217369092.65224,10086528698.8604,13071718758.7373,19749893536.3204,15027795173.2187,16298542027.9965,21329395900.871,22389627294.4179,21942597765.3631,21461989483.1265,12202323684.1015
GDP (current US$),NY.GDP.MKTP.CD,Eritrea,ERI,578015625,693535954.190067,686490090.140141,745526154.93283,688921325.712043,706370815.584416,752368495.512622,729321366.65186,870247703.182758,1109054005.43971,1098425900.74116,1211161879.6748,1317974491.05691,1380188800,1856695551.21951,2117039512.19512,2607739837.39837,,,,
GDP (current US$),NY.GDP.MKTP.CD,Estonia,EST,4373658536.58537,4746104825.07478,5066242110.00902,5617109800.86773,5726895229.98296,5685773518.84272,6245072061.58804,7322068380.89856,9833875338.75339,12059204968.9441,14006093769.4317,16963630661.1467,22237065425.6775,24194038377.0324,19652486801.8894,19492092715.2318,23168793438.9769,23043861554.8714,25081191938.2942,26213936937.2806,22459443273.8161
GDP (current US$),NY.GDP.MKTP.CD,Ethiopia,ETH,7663984567.90123,8547939730.62374,8589211390.49612,7818224905.55071,7700833482.00615,8242392103.68061,8231326016.47494,7850809498.16803,8623691300.04079,10131187261.4421,12401139453.9738,15280861834.6024,19707616772.7996,27066912635.2228,32437389116.038,29933790334.3418,31952763089.33,43310721414.0829,47648211133.2183,55612228233.5179,61539711686.6936
GDP (current US$),NY.GDP.MKTP.CD,Faroe Islands,FRO,,,,1105688872.97039,1125684470.05533,1062339943.83343,1154899793.33878,1268445919.41429,1486861878.95624,1683997930.26322,1730891409.07567,1970142377.91507,2278229533.05096,2413237402.14803,2257097731.55019,2301178416.00619,2468748767.9772,2356505419.09755,2613458942.48139,,
GDP (current US$),NY.GDP.MKTP.CD,Fiji,FJI,1970347720.96992,2129266728.42585,2093994597.21549,1656784779.545,1942170999.18765,1684109743.49338,1660102345.60309,1842691481.09196,2315935752.71653,2727507212.92556,3006725014.78415,3102741451.01664,3405050611.68726,3523185919.55826,2870624635.68032,3140508835.9485,3774530588.88398,3972012545.85528,4190143229.08891,4469810123.71644,4425503074.70408
GDP (current US$),NY.GDP.MKTP.CD,Finland,FIN,134199346405.229,132099404607.818,126833123353.568,133936359590.565,135225868314.511,125539893126.958,129250111856.823,139552983248.635,171071106094.808,196768065557.487,204436015420.968,216552502822.732,255384615384.615,283742493042.332,251499027507.641,247814569536.424,273657214345.288,256706466091.089,269980111642.898,272609288689.575,232351114561.384
GDP (current US$),NY.GDP.MKTP.CD,France,FRA,1609892232882.11,1614245416078.98,1460709148123.17,1510758283299.98,1500275942893.67,1368438363736.87,1382218344519.02,1500337850555.24,1848124153498.87,2124112242364.04,2203678646934.46,2325011918203.49,2663112510265.54,2923465651091.26,2693827452070.02,2646994701986.75,2862502085070.89,2681416108537.39,2808511203185.39,2839162443235.14,2418835532882.33
GDP (current US$),NY.GDP.MKTP.CD,French Polynesia,PYF,3982374845.92709,3954696873.74892,3567062511.87293,3775160797.38928,3797016068.69688,3447543137.9415,,,,,,,,,,,,,,,
GDP (current US$),NY.GDP.MKTP.CD,Gabon,GAB,4958845906.34769,5694040336.82571,5326816858.99586,4483417119.83928,4662992036.2073,5067865320.7979,5018874179.18704,5310381151.35952,6497305662.09274,7756293574.98077,9458884812.18106,10154041929.6521,12438956756.4455,15508574820.3516,12065138272.7538,14358584300.3006,18186478119.9582,17171447372.3334,17590716232.4913,18179717776.1597,14262032470.8493
GDP (current US$),NY.GDP.MKTP.CD,"Gambia, The",GMB,785996982.492168,848237108.56163,803630742.53446,840285264.631545,814723460.08372,782915402.421095,687408804.630527,578236035.104279,487038821.611959,578785278.7703,624174723.713404,655068695.952711,798870894.208271,965769128.170004,900639747.939529,952429030.415536,904256643.415984,912569686.7859,903779326.206421,849122624.781348,938794719.358588
GDP (current US$),NY.GDP.MKTP.CD,Georgia,GEO,2693731865.97036,3094915505.9093,3510540809.24855,3613500117.24928,2800024313.95144,3057453482.55826,3219487824.87911,3395778673.79183,3991374548.50512,5125273880.74998,6410941012.59189,7745406200.85374,10172869679.7366,12795044472.7663,10766809099.0721,11638536890.5347,14434619982.2117,15846474595.773,16140047072.2616,16509305827.7171,13965385801.7891
GDP (current US$),NY.GDP.MKTP.CD,Germany,DEU,2591620035485.19,2503665193657.4,2218689375140.99,2243225519617.65,2199957383336.88,1949953934033.54,1950648769574.94,2079136081309.99,2505733634311.51,2819245095604.67,2861410272354.18,3002446368084.31,3439953462907.2,3752365607148.09,3418005001389.27,3417298013245.03,3757464553794.83,3543983909148.01,3752513503278.41,3879276587198.91,3363446822668.29
GDP (current US$),NY.GDP.MKTP.CD,Ghana,GHA,6465137614.6789,6934984709.48012,6891308593.75,7480968858.13149,7719354838.70968,4983024408.14828,5314909953.92992,6166330136.2948,7632406552.83803,8881368538.07671,10731634116.7384,20409257610.4746,24758819717.7074,28526891010.4925,25977847813.7422,32174772955.9748,39566292432.8615,41939728978.7281,47805069494.9082,38616536131.648,37543361203.5609
GDP (current US$),NY.GDP.MKTP.CD,Gibraltar,GIB,,,,,,,,,,,,,,,,,,,,,
GDP (current US$),NY.GDP.MKTP.CD,Greece,GRC,136878366230.328,145861612825.595,143157600024.959,144428172835.236,142540728958.023,130133845771.144,136191353467.562,153830947016.751,201924270316.027,240521260988.329,247783001865.44,273317737046.795,318497936901.177,354460802548.704,330000252153.376,299379400264.901,287779921184.32,245670666639.047,239862011450.103,236079774688.445,194851319174.892
GDP (current US$),NY.GDP.MKTP.CD,Greenland,GRL,1208953358.99709,1197515637.92052,1072154406.78905,1149858126.95747,1131555107.04907,1068024993.98697,1086170638.72901,1169136691.35372,1402452661.58715,1617227233.70446,1650283229.19637,1811232804.76516,2039990870.18161,2301745558.05339,2314737666.79517,2287220565.1596,2503747856.84595,2356004770.79887,2419043094.32119,2441226080.03611,
GDP (current US$),NY.GDP.MKTP.CD,Grenada,GRD,276296296.296296,294651851.851852,304940740.740741,340814814.814815,379629407.407407,520044370.37037,520444185.185185,540336925.925926,591018407.407407,599118592.592593,695370296.296296,698518518.518518,758518518.518518,825925925.925926,771278111.111111,771015888.888889,778648666.666667,799882148.148148,842571333.333333,911481481.481481,984074074.074074
GDP (current US$),NY.GDP.MKTP.CD,Guam,GUM,,,,,,,,3385000000,3560000000,3857000000,4197000000,4213000000,4375000000,4621000000,4781000000,4895000000,4928000000,5199000000,5364000000,5566000000,5734000000
GDP (current US$),NY.GDP.MKTP.CD,Guatemala,GTM,14655487455.7333,15674852771.1356,17790095900.9809,19395461989.5391,18318512501.0256,19288926545.3759,18702822231.5441,20776640696.3172,21917585083.5311,23965291458.4846,27211380858.3989,30231141667.5908,34113102014.6358,39137157753.2425,37733852002.6442,41338340406.3129,47654704787.0678,50388418158.5954,53851075503.9906,58722087391.6801,63794152886.0397
GDP (current US$),NY.GDP.MKTP.CD,Guinea,GIN,3693753379.05992,3869032270.91633,3783788551.0819,3588376057.01536,3461282293.64624,2995360969.16199,2833442750.43639,2949637039.04424,3446442218.89829,3666349049.42641,2937071767.25576,2931625104.50109,4134173275.1244,4515824647.43939,4609923756.18485,4735956493.06479,5067360009.39197,5667229758.9878,6231725484.55943,6624068015.50039,6699203543.29047
GDP (current US$),NY.GDP.MKTP.CD,Guinea-Bissau,GNB,253966919.939838,270419779.418107,268551010.941186,206457553.397101,224446652.14622,370173851.946119,392278164.416457,415843479.84486,476388249.278706,531109346.815739,586791836.059541,591829897.549245,695606313.878293,864136798.741659,825828719.797396,846332419.519942,1105497821.87289,995581992.41106,1026664110.62589,1109007405.7031,1056776883.4727
GDP (current US$),NY.GDP.MKTP.CD,Guyana,GUY,621626785.915493,705406001.424501,749138009.564539,717530683.169567,694754988.258295,712667896.727512,696281471.678532,722460886.371384,741929342.788749,785918769.587635,824880550.343965,1458446872.26976,1740334781.83731,1922598121.23066,2025565089.48272,2259288396.24467,2576602497.33479,2851154075.95385,2990006533.77749,3077086275.94585,3166029055.69007
GDP (current US$),NY.GDP.MKTP.CD,Haiti,HTI,2813313281.80715,2907517543.3645,3338949151.59927,3723903723.63772,4153725966.87677,3953839593.78427,3596448035.44747,3472194099.40131,2960306120.93557,3537721020.41158,4310356252.83669,4756204069.61876,5885321655.91684,6548531998.42373,6584642675.34367,6622540159.47531,7516829496.06138,7890215895.68701,8452517482.5105,8791599111.2376,8765329889.9646
GDP (current US$),NY.GDP.MKTP.CD,Honduras,HND,3911053180.39625,4034037162.16216,4663193916.34981,5202215657.31167,5372543554.00697,7103529494.37412,7565877533.54421,7775075857.72532,8140282679.97372,8772170427.48088,9672027224.16405,10841723354.4391,12275493958.7834,13789727209.7723,14486137413.5468,15729644901.1305,17588097149.7619,18400538970.1119,18372173610.6685,19380958759.0497,20420967148.9362
GDP (current US$),NY.GDP.MKTP.CD,"Hong Kong SAR, China",HKG,144652912433.103,159717233621.659,177352785419.977,168886163221.567,165768095391.557,171668164082.555,169403241524.337,166349228737.386,161384522525.299,169099768875.193,181570082162.19,193536265094.364,211597405593.868,219279678430.164,214046415026.187,228637697575.04,248513617677.287,262629441493.476,275658844765.343,291228511368.179,309234500374.107
GDP (current US$),NY.GDP.MKTP.CD,Hungary,HUN,46288369007.4588,46538169511.6894,47178241568.5704,48661666395.3691,49074725337.7458,47209471853.3471,53696730223.8318,67561285378.7259,85050281601.04,103694527827.457,112589039620.207,114801188269.404,139198195460.551,157290970540.917,129965360575.699,130258247571.415,140091591852.976,127321135030.078,134680475647.645,139294565100.565,121715203207.647
GDP (current US$),NY.GDP.MKTP.CD,Iceland,ISL,7181787873.86945,7501950115.78947,7596126045.95208,8468339855.94356,8931365460.57043,8946079678.43696,8146073989.52626,9199643907.97902,11304084266.5137,13703315349.2507,16691213479.471,17043245939.014,21295012098.9774,17640375722.4448,12887072301.1621,13254819546.1781,14674655466.8231,14218575093.024,15479232290.7574,17179622188.3294,16779598787.1617
GDP (current US$),NY.GDP.MKTP.CD,India,IND,366600193391.349,399787263892.645,423160799040.86,428740690379.961,466866720520.974,476609148165.173,493954161367.563,523968381476.715,618356467437.027,721584805204.777,834214699568.14,949116769619.554,1201071960529.75,1186913419021.34,1323896417147.06,1656562168648.57,1822989507290.05,1828119928467.85,1857236714880.03,2033532372971.17,2088841351184.16
GDP (current US$),NY.GDP.MKTP.CD,Indonesia,IDN,202132028723.115,227369679374.973,215748998609.635,95445547872.715,140001351215.462,165021012077.81,160446947784.909,195660611165.183,234772463823.808,256836875295.452,285868618224.017,364570514304.85,432216737774.861,510228635279.289,539580088908.138,755094160363.071,892969107923.094,917869910105.749,912524136718.018,890487074595.966,861933968740.332
GDP (current US$),NY.GDP.MKTP.CD,"Iran, Islamic Rep.",IRN,96419225743.6737,120403931885.441,113919163421.155,110276913362.508,113848450088.351,109591707802.216,126878750295.944,128626917503.72,153544751395.43,183697185041.72,219845971945.264,258645743978.386,337474485087.271,397189565318.895,398978104575.331,467790215915.476,592037800186.865,587209369682.67,511620875086.78,425326068422.881,
GDP (current US$),NY.GDP.MKTP.CD,Iraq,IRQ,,,,,,,,,,36627901762.063,49954890353.2609,65140293687.5395,88840050497.0957,131613661510.475,111660855042.735,138516722649.573,185749664444.444,218000986222.639,234648370497.427,228730703259.005,180068537409.153
GDP (current US$),NY.GDP.MKTP.CD,Ireland,IRL,69208238510.101,75864987273.1855,82816781160.4585,90111620500.1682,98782454400.1705,99855065966.464,109119051633.11,127941699604.743,164285613995.485,193870912341.694,211684825270.489,232167523522.77,270043016151.109,274919025487.037,235765973325.924,221356661986.755,240575769113.15,225819184920.64,239271162515.74,256271350218.827,283703217034.49
GDP (current US$),NY.GDP.MKTP.CD,Isle of Man,IMN,914727080.643268,1023086918.62768,1180919719.40764,1382548249.78303,1567465656.8505,1563667799.61578,1614595290.9182,1897606791.43353,2264911806.90354,2758117365.04863,2971167185.35511,3344402193.24608,5685988395.35814,5827468750,5047909331.6716,5420118974.04203,6066454093.89521,6433357030.0158,6754330154.76004,7428280401.5139,
GDP (current US$),NY.GDP.MKTP.CD,Israel,ISR,99968784246.0067,109774101575.963,114543978662.956,115838004263.046,117212358383.458,132396684080.151,130751599020.377,121092701253.746,126749741990.734,135418563141.455,142837533703.233,154511423313.434,179564275455.807,216760312151.616,208068814688.605,233754747258.625,261374751963.332,257641795689.722,293314777888.557,308769389865.564,299415714726.768
GDP (current US$),NY.GDP.MKTP.CD,Italy,ITA,1170787357066.44,1308929305684.53,1239050936221.01,1266309223820.68,1248563148945.24,1141760021927.4,1162317840447.43,1266510668642.95,1569649631715.58,1798314755525.2,1852661936077.6,1942633841801.53,2203053327128.39,2390729210487.77,2185160158794.11,2125184794172.19,2276150874756.74,2072823111961.1,2130491269673.44,2149814265578.42,1821496964400.58
GDP (current US$),NY.GDP.MKTP.CD,Jamaica,JAM,5779285207.92079,6504445801.34228,7450324787.38384,8718300136.42565,8795765306.12245,8929375580.31569,9087918836.80556,9694161516.27524,9399452787.8474,10150978154.5484,11204416000,11905525197.3285,12824094989.8639,13678551837.6303,12038998756.9217,13192229343.0991,14440457548.68,14802430172.5391,14276559215.7309,13897561173.4853,14262190323.0222
GDP (current US$),NY.GDP.MKTP.CD,Japan,JPN,5449116304981.1,4833712542207.1,4414732843544.43,4032509760872.94,4562078822335.45,4887519660744.86,4303544259842.72,4115116279069.77,4445658071221.86,4815148854362.11,4755410630912.14,4530377224970.4,4515264514430.57,5037908465114.48,5231382674593.7,5700096491337.99,6157461124963.98,6203213121334.12,5155717056270.83,4848733415523.53,4383076298081.86
GDP (current US$),NY.GDP.MKTP.CD,Jordan,JOR,6727446632.42009,6928359238.36389,7244402961.91819,7910621156.55853,8147494358.25106,8457923836.38928,8973201974.61213,9580414809.59097,10193292806.7701,11407566572.6375,12588665303.244,15056936953.4556,17110609732.0169,21971835282.5137,23818322957.7465,26425379436.6197,28840263380.2817,30937277605.6338,33593843661.9718,35826925774.6479,37517410281.6901
GDP (current US$),NY.GDP.MKTP.CD,Kazakhstan,KAZ,20374307047.115,21035357832.8019,22165932062.966,22135245413.2312,16870817134.7767,18291990619.137,22152689129.5583,24636598581.0204,30833692831.3955,43151647002.6096,57123671733.8952,81003884545.4099,104849886825.584,133441612246.798,115308661142.927,148047348240.643,192626507971.584,207998568865.789,236634552078.102,221415572819.5,184388432148.715
GDP (current US$),NY.GDP.MKTP.CD,Kenya,KEN,9046326059.98857,12045858436.2399,13115773737.5664,14093998843.7334,12896013576.7324,12705357103.0056,12986007425.8781,13147743910.7241,14904517649.8476,16095337093.8366,18737895401.1349,25825524820.8064,31958195182.2406,35895153327.8497,37021512048.8158,39999659233.7555,41953433591.4101,50410164013.5527,55100780396.387,61395415492.333,63398041540.367
GDP (current US$),NY.GDP.MKTP.CD,Kiribati,KIR,56338028.1690141,66515376.7900462,67537479.5903221,65334841.0604347,69032258.0645161,67254174.3970315,63101272.3699183,72196457.6768445,90231856.8000519,102367039.270481,112133944.253532,108545632.53012,130754915.906619,139125482.301627,130465372.016846,153275912.676573,177142135.121196,188045661.627666,187153601.08129,186066973.138634,160121929.231463
GDP (current US$),NY.GDP.MKTP.CD,"Korea, Dem. People’s Rep.",PRK,,,,,,,,,,,,,,,,,,,,,
GDP (current US$),NY.GDP.MKTP.CD,"Korea, Rep.",KOR,559329547369.922,603413139412.021,560485235837.652,376481975682.155,486315001429.989,561633037419.537,533051998853.593,609020054512.465,680520807982.478,764880644710.649,898137194716.188,1011797457138.5,1122679154632.41,1002219052967.54,901934953364.711,1094499338702.72,1202463682633.85,1222807195712.49,1305604981271.91,1411333926201.24,1377873107856.33
GDP (current US$),NY.GDP.MKTP.CD,Kosovo,XKX,,,,,,1849196082.05507,2535333631.88536,2702427046.9355,3355083116.58939,3639935347.50715,3736599925.38241,4078158323.92423,4833561456.33726,5687488208.58356,5653792720.20006,5829933774.83444,6692521545.73255,6500321212.89991,7073021773.76527,7384901154.30543,6400687590.10758
GDP (current US$),NY.GDP.MKTP.CD,Kuwait,KWT,27191689008.0429,31493987641.9506,30354434553.2476,25941929461.9423,30121879434.954,37711864406.7797,34890772742.0933,38137545245.1464,47875838926.1745,59440108585.0017,80797945205.4795,101550654720.882,114641097818.438,147395833333.333,105899930507.297,115419050942.08,154027536231.884,174070025008.932,174161495063.47,162631763879.129,114041209704.221
GDP (current US$),NY.GDP.MKTP.CD,Kyrgyz Republic,KGZ,1661018518.51852,1827570586.16784,1767864035.71943,1645963749.83146,1249062025.13805,1369693171.43504,1525112241.84376,1605640633.42189,1919012780.97086,2211535311.62834,2460248026.17783,2834168889.42019,3802566170.81543,5139957784.91084,4690062255.12247,4794357795.07139,6197766118.59856,6605139933.41063,7335027591.91628,7468096566.71158,6571853849.00585
GDP (current US$),NY.GDP.MKTP.CD,Lao PDR,LAO,1763536304.53964,1873671550.34636,1747011857.33107,1280177838.71905,1454430642.49183,1731198022.45494,1768619058.34647,1758176653.07746,2023324407.30316,2366398119.8821,2735558726.25625,3452882514.00166,4222962987.53859,5443915120.50795,5832915387.08908,7127792629.58294,8261299199.6817,9356251339.55418,11189431000.0811,11739027120.5835,12369080042.8375
GDP (current US$),NY.GDP.MKTP.CD,Latvia,LVA,5788368511.12379,5970044665.64574,6525676264.21486,7174985106.63648,7533187605.09248,7937758980.30127,8350252966.19655,9546441564.34743,11748433157.0533,14373269155.7174,16922504044.804,21447021570.1028,30901399261.387,35596016664.2304,26169854045.0375,23765078166.4017,28420287436.9041,28072066041.3722,30256430184.6685,31322649595.3297,27002832427.6367
GDP (current US$),NY.GDP.MKTP.CD,Lebanon,LBN,11718795528.4939,13690217333.2697,15751867489.4446,17247179005.522,17391056369.2265,17260364842.4544,17649751243.7811,19152238805.9701,20082918739.6352,20955223880.597,21287562189.0547,21796351575.4561,24577114427.8607,28829850746.2687,35139635157.5456,38009950248.7562,40078938640.1327,43205095854.063,44352417910.4478,45730945273.6318,47084703150.9121
GDP (current US$),NY.GDP.MKTP.CD,Lesotho,LSO,1001889845.5807,946123280.510758,997996034.86775,928458201.135382,912771283.593936,887295262.184165,825706966.802027,775780697.302945,1157832935.83899,1511236652.019,1682350941.54943,1800105593.03747,1825385552.2422,1875881172.42008,1870006879.27367,2392147273.25836,2795705636.58808,2666218870.25386,2499410956.14577,2538831766.20046,2278037785.7279
GDP (current US$),NY.GDP.MKTP.CD,Liberia,LBR,134800000,159400000,295900000,359600000,441800000,529064600,521000000,543000000,416000000,474700000,550000000,604028900,739027200,850040500,1155147400,1292697100,1545400000,1735500000,1946500000,2013000000,2053000000
GDP (current US$),NY.GDP.MKTP.CD,Libya,LBY,25544128198.9955,27884615384.6154,30698633109.1343,27249786142.0017,35976714100.9056,38270206950.41,34110064452.1567,20481889763.7795,26265625000,33122307692.3077,47334148578.4164,54961936662.6066,67516236337.7158,87140405361.2292,63028320702.0343,74773444900.5368,34699395523.6073,,,,
GDP (current US$),NY.GDP.MKTP.CD,Liechtenstein,LIE,2428461395.34884,2504033252.42718,2298410390.68421,2479721340.8746,2664026095.06058,2483953102.79488,2491822706.80256,2688630822.53304,3070691319.52179,3454362685.96703,3659251525.8593,4000239272.61126,4601299566.81106,5081432924.0144,4504549214.22663,5082366478.08994,5739977477.47748,5456009384.66461,6391735893.83968,6663501418.90417,
GDP (current US$),NY.GDP.MKTP.CD,Lithuania,LTU,7870782260.51698,8385109020.28485,10120274492.8787,11240360897.7126,10972878636.1675,11539211480.3625,12252498921.0186,14278357283.7419,18802576988.1557,22649930576.2543,26125575942.2814,30216060233.4044,39738180076.6283,47850551148.8365,37440673477.8982,37132564255.4319,43522572641.2469,42869580922.9978,46464958449.4889,48547231524.4792,41400137850.7264
GDP (current US$),NY.GDP.MKTP.CD,Luxembourg,LUX,21527461685.8238,21740939413.6808,19694578258.9084,20214613247.3883,22201456424.462,21375329832.3199,21052074272.9306,23308626011.6695,29206898419.8646,34343858952.0735,36977353562.9897,41913572951.9508,50323143991.2401,55144936282.4081,50386454570.7141,52909380132.4503,59572427022.5188,56411810299.2219,61544273929.3321,65371826568.4499,56799626261.5061
GDP (current US$),NY.GDP.MKTP.CD,"Macao SAR, China",MAC,6560637942.71945,6628525682.86805,6674545910.49866,6186449842.08152,5916920006.50659,6101794938.88536,6811252878.57098,7322690268.13055,8194995761.23273,10585562563.8852,12092284455.3182,14789661809.1834,18340472131.3107,20917457388.3119,21475520709.3922,28123640998.7253,36709847596.7175,43028648668.9445,51548871615.7861,55522993326.7394,46177532874.139
GDP (current US$),NY.GDP.MKTP.CD,"Macedonia, FYR",MKD,4449375346.45669,4422160017.54386,3735312142.57028,3571043102.5641,3673288263.62039,3772851420.24763,3709637829.94866,4018365247.44444,4946292774.79046,5682719260.0763,6258600713.82627,6861222331.96317,8336478142.08872,9909548410.82744,9401731495.71661,9407168702.4313,10494632699.3859,9745251126.0109,10817712138.9451,11318966946.687,10086021261.4631
GDP (current US$),NY.GDP.MKTP.CD,Madagascar,MDG,3159901231.97468,3995028592.78722,3545776697.12109,3738704467.51878,3717515282.53319,3877673539.09084,4529575347.56805,4397254607.61164,5474030080.24451,4363934494.37405,5039293030.82367,5515884348.54904,7342923489.09616,9413002920.97008,8550363974.79243,8729936135.74487,9892702357.56691,9919780071.30832,10601690871.7448,10673516672.6843,9738652322.17322
GDP (current US$),NY.GDP.MKTP.CD,Malawi,MWI,1397454122.24047,2281039097.69299,2663238982.8009,1750585204.44813,1775920039.58919,1743506287.41519,1716502069.86945,3495597587.43178,3209167240.45005,3476333638.6635,3655892941.67281,3998020176.93393,4431477378.40652,5321114432.10931,6195345174.19622,6957454879.05414,7983556694.87491,5980586767.40693,5432169047.56631,6055252536.08965,6403820949.24856
GDP (current US$),NY.GDP.MKTP.CD,Malaysia,MYS,88704944178.6284,100854996422.609,100005323301.867,72167753770.8928,79148947368.4211,93789736842.1053,92783947368.4211,100845263157.895,110202368421.053,124749736842.105,143534102611.497,162690965596.205,193547824063.3,230813597937.526,202257586267.556,255016609232.871,297951960784.314,314442825692.826,323276841537.339,338068990803.263,296283190372.552
GDP (current US$),NY.GDP.MKTP.CD,Maldives,MDV,398988954.970263,450382327.952421,508223602.37893,540096397.621071,589239753.610875,624337145.284622,884276168.300654,910864148.4375,1043403343.75,1202240023.4375,1119806500,1474698125,1745998937.5,2109960937.5,2149257812.5,2323401757.8125,2449576516.91549,2518312129.02218,2795147949.78753,3094197810.2,3435244658.76626
GDP (current US$),NY.GDP.MKTP.CD,Mali,MLI,2706425298.36818,2780422212.26995,2697105694.07956,2920358586.75234,3439463140.35541,2954129565.82965,3465305993.47783,3889758023.73699,4703504466.53245,5444474268.42491,6245031690.06808,6899799785.8441,8145694631.88354,9750822511.47988,10181021770.4326,10678749467.4697,12978107560.5982,12442747897.2223,12813248724.7996,14004067516.3577,12746688961.7795
GDP (current US$),NY.GDP.MKTP.CD,Malta,MLT,3439931906.61479,3570271557.88471,3705372038.70537,3923637971.04652,4127313818.33836,4306192435.82207,4331870647.71535,4689832689.83269,5456583589.39342,6062780269.0583,6394851386.64345,6757119558.3992,7880509170.54476,8977149553.24447,8528202278.41067,8741059602.64901,9556435918.82124,9262238211.48657,10184944237.9182,10737561363.9379,9746478873.23944
GDP (current US$),NY.GDP.MKTP.CD,Marshall Islands,MHL,120230000,110858000,106289100,108702100,107978900,110937700,115152100,124735100,126887600,131106400,137744500,143656600,150851598.261375,152901112.689513,152631201.425631,164751292.561566,172674883.357224,185055791.83406,190991954.906072,183114102.293044,179432573.764399
GDP (current US$),NY.GDP.MKTP.CD,Mauritania,MRT,1415296704.11812,1442598431.0096,1401946853.20672,1375115534.0733,1405662878.85296,1293654175.2102,1295539448.36484,1324426606.62378,1563074859.52173,1833444740.37736,2184444848.97637,3040716679.07669,3356757497.1208,4031047704.39864,3662281667.94663,4337791530.87884,5166340390.52554,5231255478.38986,5645739651.53638,5442297174.11121,
GDP (current US$),NY.GDP.MKTP.CD,Mauritius,MUS,4040345933.29231,4421943910.49749,4187367601.73431,4169664285.38681,4291172815.63421,4582555124.64952,4536538210.66761,4767303153.99506,5609831328.0648,6385695187.0102,6283803256.01264,7028803365.70151,8150138757.15741,9990370016.30771,9128843109.15588,10003670690.3497,11518393367.2403,11668685524.1265,12129642296.4425,12803445933.5894,11681761261.0428
GDP (current US$),NY.GDP.MKTP.CD,Mexico,MEX,343792792161.261,397404140458.457,480554644187.662,502010250656.743,579459682649.262,683647965226.955,724703603502.349,741559509631.317,713284231624.803,770267585947.191,866345821213.261,965281191371.844,1043471321169.09,1101275278668.79,894948748436.748,1051128603513.77,1171187519660.64,1186598324461.82,1261981728468.52,1298175699755.5,1143793184190.1
GDP (current US$),NY.GDP.MKTP.CD,"Micronesia, Fed. Sts.",FSM,222103600,218845700,206900300,219646200,220660500,233226300,240051900,241543400,244991000,239563300,249845600,252991200,255890800,261339600,277510900,294117200,310287500,325835200,315725600,318072000,314971100
GDP (current US$),NY.GDP.MKTP.CD,Moldova,MDA,1752975841.35916,1695130456.52174,1930071406.92641,1639497206.70391,1170785047.79461,1288429150.51394,1480656884.38462,1661818168.4226,1980901553.51226,2598231467.43671,2988338439.31553,3408272498.11516,4401154128.12297,6054806100.8468,5439422031.39627,5811604051.96737,7015206498.21955,7284686576.2835,7985349731.46471,7983271110.60446,6568288861.76807
GDP (current US$),NY.GDP.MKTP.CD,Monaco,MCO,3130270918.79061,3137848783.08404,2840182191.77105,2934578788.86478,2906009307.6651,2647883820.18625,2671401082.76436,2905973022.1746,3588988600.70294,4110348444.49411,4280072625.97622,4663488363.0977,5974371695.95045,6919241412.09365,5557245122.31576,5350674803.33858,6074884388.58937,,,,
GDP (current US$),NY.GDP.MKTP.CD,Mongolia,MNG,1452165005.2384,1345719472.35883,1180934202.83801,1124440248.9783,1057408588.68269,1136896123.61298,1267997934.3125,1396555719.97409,1595297355.78349,1992066808.09598,2523471532.01083,3414055566.1138,4234999823.30839,5623216448.86851,4583850367.88972,7189481853.13241,10409797610.331,12292770631.23,12582122604.1768,12226514746.1452,11741338841.1132
GDP (current US$),NY.GDP.MKTP.CD,Montenegro,MNE,,,,,,984279598.325251,1159891557.16986,1284504507.69851,1707662612.68399,2073255525.20487,2257118340.54619,2696020574.58286,3668656246.57834,4519930566.74528,4141152200.489,4138972769.65459,4538450845.19573,4087777049.68585,4464498911.25392,4587740464.37265,3987061627.51107
GDP (current US$),NY.GDP.MKTP.CD,Morocco,MAR,39030285468.3841,43161452678.4383,39147844526.0838,41806219378.6181,41632027599.8531,38857251336.3448,39459581217.3759,42236836820.6152,52064058833.9739,59626020162.3816,62343022650.8742,68640825480.9223,79041539006.1399,92507257783.5697,92897320375.8176,93216746661.5977,101370474295.109,98266306615.3632,106825649872.108,109881398474.953,100593283696.732
GDP (current US$),NY.GDP.MKTP.CD,Mozambique,MOZ,2521738759.58885,3523842274.89662,4227273069.05991,4873242526.06404,5302532113.25156,5016469068.50898,4766928746.6914,5031510908.86055,5597367853.40358,6831808930.39816,7723846194.87446,8312078525.08582,9366742309.49331,11494837053.4061,10911698208.1015,10154238250.1818,13131168011.807,15265269717.6894,16018848990.669,16961127045.8266,14807075727.4667
GDP (current US$),NY.GDP.MKTP.CD,Myanmar,MMR,,,,,,8905066163.58643,6477790688.22844,6777632512.0781,10467109977.6717,10567354056.4049,11986972418.5103,14502553709.8303,20182477480.5512,31862554101.9378,36906181380.8127,49540813342.4834,59977326085.9908,59731122170.0865,60132854536.7832,65574726566.3779,62600906116.0987
GDP (current US$),NY.GDP.MKTP.CD,Namibia,NAM,3942478205.72909,3945340776.40546,4102648719.61806,3826527630.55551,3818954447.99083,3908661517.62299,3546783708.12619,3361251197.73829,4931312147.21007,6606858786.01174,7261333794.60003,7978734401.53585,8740865600.24981,8486721916.9128,8876191120.76189,11282192605.0374,12409629835.6998,13016272898.9038,12713366873.4658,12853963142.8124,11491507355.6498
GDP (current US$),NY.GDP.MKTP.CD,Nauru,NRU,,,,,,,,,,,,,20432742.1126982,39333572.3247894,44290986.580588,49248823.5898978,72751770.3473519,103811945.189664,108601547.06617,117020360.420409,100459772.832386
GDP (current US$),NY.GDP.MKTP.CD,Nepal,NPL,4401104417.67068,4521580381.47139,4918691916.53516,4856255044.39064,5033642384.10596,5494252207.90502,6007061224.48979,6050875806.66403,6330473096.54071,7273938314.71988,8130258041.46706,9043715355.8881,10325618017.379,12545438605.3959,12854985464.0764,16002656434.4746,18850169891.6665,19206631648.9713,19393541020.2195,19811974851.5518,21194888047.8339
GDP (current US$),NY.GDP.MKTP.CD,Netherlands,NLD,446528959648.641,445704575163.399,412199006098.938,432476116418.574,441975282335.393,412807259996.315,426573601789.709,465368906455.863,571863431151.242,650532654581.574,678533764457.157,726649102998.369,839419655078.018,936228211513.11,857932759099.75,836439735099.338,893701695857.659,828946812396.788,866680000367.264,879635084124.987,750283908173.45
GDP (current US$),NY.GDP.MKTP.CD,New Caledonia,NCL,3628440274.67,3606968433.92682,3291489840.57141,3158806480.26107,3056999988.09146,2682347064.3642,,,,,,,,,,,,,,,
GDP (current US$),NY.GDP.MKTP.CD,New Zealand,NZL,63918703506.9075,70140835299.0148,66074513017.7142,56226643507.553,58761222689.2937,52623281956.7031,53872425916.6248,66628222189.3637,88250885550.2626,103905210084.034,114719425473.492,111606899682.251,137314617476.299,133278976593.801,121337372727.841,146584522265.456,168462632327.382,176617424296.729,190690896703.83,200142409766.821,173754075210.516
GDP (current US$),NY.GDP.MKTP.CD,Nicaragua,NIC,4140470000,4308351902.78601,4389965590.96538,4635267224.84195,4855717874.68247,5107329007.0922,5323146565.70315,5224213017.54386,5322454925.84746,5795568204.64532,6321335612.22233,6786294637.33603,7458103361.63737,8491388728.5018,8380731879.74635,8741313140.24883,9755619760.14614,10438842115.6263,10874735110.8237,11790221756.2778,12692562187.4933
GDP (current US$),NY.GDP.MKTP.CD,Niger,NER,1880803361.68562,1987770898.54334,1845599608.44272,2076737356.67897,2018193703.06047,1798374468.36362,1945327564.65042,2170481508.86916,2731416346.48158,3052898739.4678,3405134831.85049,3646728060.06463,4291363390.91295,5403363917.3096,5397121856.35204,5718589799.24366,6409169889.50891,6942209594.55433,7667951987.6933,8245312136.56544,7142951342.4223
GDP (current US$),NY.GDP.MKTP.CD,Nigeria,NGA,28546958641.2735,34987951375,35822342617.6978,32004613750,35870792987.9432,46386011231.37,44137994251.618,59116847821.5797,67655813930.0926,87845420504.485,112248353104.911,145429764861.249,166451213395.64,208064753766.47,169481317540.364,367127872791.052,408707161460.004,457061382523.294,508696794976.452,546682344735.565,486792837970.54
GDP (current US$),NY.GDP.MKTP.CD,Northern Mariana Islands,MNP,,,,,,,,1284000000,1239000000,1210000000,1061000000,990000000,938000000,939000000,795000000,799000000,733000000,751000000,780000000,836000000,922000000
GDP (current US$),NY.GDP.MKTP.CD,Norway,NOR,152027402449.804,163517783497.163,161354369892.838,154165219811.533,162286003692.686,171315639982.731,174003247439.305,195418347152.985,228752436371.854,264357494659.388,308722079937.912,345424664369.357,400883873279.083,461946808510.638,386383919342.271,428524701366.599,498157406416.158,509704856037.817,522746212765.957,498339751388.521,386578443732.562
GDP (current US$),NY.GDP.MKTP.CD,Oman,OMN,13802600780.2341,15277763328.9987,15837451235.3706,14085373211.9636,15710148244.4733,19507412223.6671,19452015604.6814,20142782834.8505,21633810143.0429,24763589076.723,31081924577.3732,37215864759.4278,42085305591.6775,60905331599.4798,48388296488.9467,58641352405.7217,67937581274.3823,76689206762.0286,78938881664.4993,81035110533.16,69830949284.7854
GDP (current US$),NY.GDP.MKTP.CD,Pakistan,PAK,60636022422.6176,63320122807.1223,62433300338.0941,62191955814.3478,62973855718.8874,73952374969.7995,72309738921.3329,72306820396.2325,83244801092.7096,97977766197.6724,109502102510.883,137264061106.043,152385716311.916,170077814106.305,168152775283.032,177406854514.885,213587413183.996,224383620829.57,231218567178.979,244360888750.807,271049886672.733
GDP (current US$),NY.GDP.MKTP.CD,Palau,PLW,95237000,108203000,113213000,117320000,113485000,149300000,160000000,163500000,159900000,175300000,193300000,194700000,196000000,198100000,186400000,183800000,199900000,214200000,228700000,250900000,287400000
GDP (current US$),NY.GDP.MKTP.CD,Panama,PAN,9573813687.65665,9870494017.20925,10677286062.1918,11575486374.2233,12130252154.4086,12304114980.2874,12502013401.9778,12994310396.5294,13693981227.8278,15013381686.1828,16374393923.6994,18141666302.3493,20958000000,24522200000,26593500000,28917200000,34373820484.9739,39954761232.6898,44856189494.1064,49165773079.2072,52132289747.1731
GDP (current US$),NY.GDP.MKTP.CD,Papua New Guinea,PNG,4636113480.00002,5155485419.7,4936605079.99998,3789428160.00001,3477060138.33333,3521348154.79666,3081029665.98233,2999542369.42117,3536459111.2438,3927114465.90565,4865971718.29732,5527856839.07482,6340673793.54534,8000074071.33069,8105331929.8755,9716103408.96554,12873049346.2674,15391629871.3765,15413163674.9224,16928680397.4185,
GDP (current US$),NY.GDP.MKTP.CD,Paraguay,PRY,9062131307.88275,9788391732.82899,9965225496.5884,9024567484.2013,8392549702.31511,8195993230.74275,7662595075.90241,6325151760.0669,6588103836.34739,8033877360.41697,8734653809.49561,10646157920.3209,13794910633.8518,18504130752.9922,15929902138.1363,20030528042.9171,25099681460.8943,24595319573.7548,28965906502.2306,30881166852.3116,27093938619.3333
GDP (current US$),NY.GDP.MKTP.CD,Peru,PER,53312793687.3836,55252414130.3019,58147522522.5225,55501467877.381,50187324567.883,51744749133.213,52030158775.4055,54777553515.0809,58731030121.8671,66768703497.5687,76060606060.606,88643193061.748,102170981144.136,120550599815.441,120822986521.479,147492391535.14,171724325697.898,192605185353.65,201150658576.291,201021342537.156,189111139010.075
GDP (current US$),NY.GDP.MKTP.CD,Philippines,PHL,74119987244.5011,82848140618.0266,82344260570.6685,72207025219.4752,82995147089.9742,81026297144.2795,76262072022.215,81357602950.1818,83908206456.0645,91371239764.8818,103071585462.599,122210719245.902,149359920005.894,174195135053.121,168334599538.168,199590774784.581,224143083706.777,250092093547.532,271836123723.678,284834199296.32,292451392606.609
GDP (current US$),NY.GDP.MKTP.CD,Poland,POL,142137319587.629,159942880456.956,159117799530.388,174388271853.6,169717677900.734,171885598582.637,190521263343.023,198680637254.902,217518642324.505,255102252843.395,306134635593.744,344826430298.147,429249647594.607,533815789473.684,439796160379.475,479321128909.23,528828473066.019,500344281382.345,524214789307.993,545158979236.012,477066454436.928
GDP (current US$),NY.GDP.MKTP.CD,Portugal,PRT,118133634071.912,122629812841.175,117046198970.84,123981736420.303,127465545493.288,118358489957.619,121545880984.34,134228697534.35,164964195259.594,189187437298.237,197304513120.259,208566948939.907,240169336162.059,262007590449.685,243745748819.116,238317631788.079,244879869335.557,216368178659.447,226073492966.495,229629822121.601,199112621714.539
GDP (current US$),NY.GDP.MKTP.CD,Puerto Rico,PRI,42647331000,45340835000,48187039000,54086409000,57840954000,61701810000,69668635000,72546194000,75833996000,80322313000,83914521340.5431,87276164364.6388,89524131617.1909,93639316000,96385638000,98381268000,100351670000,101080738000,103134778000,,
GDP (current US$),NY.GDP.MKTP.CD,Qatar,QAT,8137911978.02198,9059340384.61539,11297802115.3846,10255495027.4725,12393131868.1319,17759890109.8901,17538461538.4615,19363736263.7363,23533791208.7912,31734065934.0659,44530494505.4945,60882142857.1428,79712087912.0879,115270054945.055,97798351648.3516,125122306346.154,167775274725.275,186833516483.516,198727747252.747,206224725274.725,164641483516.484
GDP (current US$),NY.GDP.MKTP.CD,Romania,ROU,37662075750.123,37182938696.0752,35838588169.6429,41976002703.9207,36183003978.3474,37438527799.5302,40716836998.0386,46174557555.5892,59867801204.8193,76216441462.1442,99697566667.8107,123533036667.853,171536685395.563,208181626900.631,167422949529.4,167998080493.408,185362855081.021,171664638717.49,191549024910.604,199493490982.921,177954489851.961
GDP (current US$),NY.GDP.MKTP.CD,Russian Federation,RUS,395531066563.296,391719993756.828,404926534140.017,270953116950.026,195905767668.562,259708496267.33,306602673980.117,345110438692.185,430347770731.787,591016690742.798,764017107992.391,989930542278.695,1299705247685.76,1660844408499.61,1222643696991.85,1524916112078.87,2034007406354.34,2154067053237.85,2231826797008.17,2052806729652.36,1331207745853.38
GDP (current US$),NY.GDP.MKTP.CD,Rwanda,RWA,1293535010.94467,1382334879.40812,1851558301.7002,1989343495.21844,1817655328.06755,1734938264.47371,1674685094.01639,1677447150.10691,1845979298.99285,2089188828.797,2581465863.87859,3110328010.91442,3775447705.93559,4796573531.21622,5308990459.47843,5698548987.88591,6406727230.17325,7219657132.21544,7522006198.23208,7912161659.7618,8095980013.73418
GDP (current US$),NY.GDP.MKTP.CD,Samoa,WSM,224865731.381903,249908970.658971,285475591.89651,269481523.200465,258833766.580017,269019710.327456,273088357.1637,288078881.433056,338838639.378435,420320176.359437,465568018.300557,505832439.822977,570469196.667431,619260721.579306,584706020.213857,656789149.595525,762098381.877023,804209309.427213,795753602.492535,800418989.621751,761037916.35753
GDP (current US$),NY.GDP.MKTP.CD,San Marino,SMR,,,,,853373879.731819,773907642.414748,815205233.062791,879957209.923907,1122981525.35502,1317357834.61634,1375416604.48689,1469000145.311,1687567364.11695,1899879955.48332,,,,,,,
GDP (current US$),NY.GDP.MKTP.CD,Sao Tome and Principe,STP,,,,,,,72230284.4325877,80531992.1217606,96343906.4298042,105360801.941831,126194166.230985,134441116.924998,145827429.572302,188021168.8418,187821029.030558,197454053.144483,233213522.647122,252560557.085219,302925489.682557,348463457.917933,317696178.686716
GDP (current US$),NY.GDP.MKTP.CD,Saudi Arabia,SAU,142457676902.537,157743124165.554,164993858477.971,145772800000,160957066666.667,188441866666.667,183012266666.667,188551200000,214572800000,258742133333.333,328459608764.111,376900133511.348,415964509673.115,519796800000,429097866666.667,526811466666.667,669506666666.667,733955733333.333,744335733333.333,753831733333.333,646001866666.667
GDP (current US$),NY.GDP.MKTP.CD,Senegal,SEN,4878719133.22771,5065830414.04947,4672503920.19866,5030344074.0413,5144045359.98185,4679604753.55711,4877602059.50983,5333862371.27113,6858952880.10003,8031344381.09898,8707015771.00113,9358710935.43366,11284603070.5653,13375825205.0612,12771709949.8651,12914130614.1816,14352023940.2661,14194124595.9323,14806481145.049,15284658818.4015,13609989582.0353
GDP (current US$),NY.GDP.MKTP.CD,Serbia,SRB,16750000000,20948677839.851,24147996549.5662,18284194680.3844,18409364146.9794,6540247190.33529,12267175481.2542,16116843146.4806,21188704081.2428,24861483280.6339,26252007830.4639,30607991862.4843,40289556656.1455,49259526052.7426,42616653299.9115,39460357730.5224,46466728666.6103,40742313861.1374,45519650911.4138,44210806365.6817,37160332465.1645
GDP (current US$),NY.GDP.MKTP.CD,Seychelles,SYC,508221508.221508,503068472.20266,562958836.519905,608369282.225727,622985493.682733,614879764.780006,622262057.191635,697518248.175182,705704816.042365,839319927.272727,919103254.545455,1016418229.25159,1033561654.0568,967199593.960157,847397850.094417,969936525.298729,1065826669.89742,1134267367.19206,1411061260.70839,1422530791.5588,1437722206.38754
GDP (current US$),NY.GDP.MKTP.CD,Sierra Leone,SLE,870758739.40678,941742152.709895,850218033.622007,672375927.347148,669384768.87263,635874002.198748,1079478387.83576,1239004287.75607,1371442565.69701,1431208677.30352,1627854494.80246,1885112201.85278,2158496872.85796,2505458705.03338,2489985963.16808,2616610911.07222,2942546781.04663,3801862611.3614,4920343194.99503,5015157815.728,4214779784.51914
GDP (current US$),NY.GDP.MKTP.CD,Singapore,SGP,87890009877.24,96403758865.2482,100163995150.862,85707636233.2696,86283126843.6578,95833932714.6172,89286208628.6767,91941192896.2359,97001377568.5914,114188557567.152,127417688055.756,147797218201.271,179981288567.447,192225881687.752,192408387762.118,236421782178.218,275221020830.021,289268624469.873,300288499960.042,306344408491.832,292739307535.642
GDP (current US$),NY.GDP.MKTP.CD,Sint Maarten (Dutch part),SXM,,,,,,,,,,,,,,,,,,,,,
GDP (current US$),NY.GDP.MKTP.CD,Slovak Republic,SVK,25733043137.2549,27821913814.9556,27660149541.1805,29828899205.7277,30415095887.492,29114875621.8905,30703017449.6644,35083608130.9994,46731767494.3567,57240535137.8197,62697540106.9519,70596729394.0534,86304245825.349,100324627215.468,88945625173.6593,89506341721.8543,98175152905.1988,93413992955.8972,98478349315.3252,100760596988.198,87263622047.2441
GDP (current US$),NY.GDP.MKTP.CD,Slovenia,SVN,21273055398.3017,21480023016.9972,20749140606.2425,22125435372.187,22689994990.1121,20342201356.0052,20875387068.1145,23563576758.1047,29697448108.2957,34470227453.9113,36346974008.2079,39587732028.6037,48114688201.4782,55589849128.4605,50244793831.6199,48016465430.4636,51287601751.4595,46258247574.7506,47688566993.1107,49530147015.8794,42774769768.2156
GDP (current US$),NY.GDP.MKTP.CD,Solomon Islands,SLB,519334096.714525,565163750.56079,567919502.811483,471177008.057148,482214092.308964,435103853.485036,400463452.065176,341661643.551446,332738245.913215,375111894.932329,413909879.281265,456705433.996978,516074228.959749,608293860.271816,597765363.128492,671585343.170686,886498370.696086,1025125081.57494,1059695156.18795,1156563122.85602,1129164718.81436
GDP (current US$),NY.GDP.MKTP.CD,Somalia,SOM,,,,,,,,,,,,,,,,,,,5352000000,5647000000,5925000000
GDP (current US$),NY.GDP.MKTP.CD,South Africa,ZAF,155460234815.693,147608050636.15,152586031835.938,137774695403.65,136631881365.087,136361791002.623,121515880068.764,115482304201.808,175256866088.543,228593703990.959,257772766357.932,271638630111.497,299415359539.558,286769850239.675,295936471258.128,375349396273.835,416418862155.872,396342265529.842,367593603380.597,351304928727.413,314571945857.401
GDP (current US$),NY.GDP.MKTP.CD,South Sudan,SSD,,,,,,,,,,,,,,15550136278.8696,12231362022.6859,15727363443.0995,17826697892.2717,10368813559.322,13257635694.9153,13282084033.8983,9015221096.24474
GDP (current US$),NY.GDP.MKTP.CD,Spain,ESP,612939685081.398,640998292394.588,588692045454.545,617041986858.225,633194118900.49,595402616546.895,625975838926.175,705145868624.13,906853273137.698,1069555500372.49,1157276458151.97,1264551499184.54,1479341637010.68,1634989014208.29,1499074742984.16,1431672847682.12,1487924659438.42,1335945712662.3,1361775869855.87,1375856057716.82,1192901186647.44
GDP (current US$),NY.GDP.MKTP.CD,Sri Lanka,LKA,13029697560.9756,13897738375.2488,15091913883.7091,15794972847.1683,15656327859.5696,16330814179.9766,15746229581.5619,16536535647.0834,18881765437.2151,20662525941.2986,24406252456.5141,28279814924.5918,32350248410.8216,40713812309.7316,42066217871.5349,56725745039.336,65292741296.5382,68434399083.41,74317806754.5267,80025305461.5834,82316172384.325
GDP (current US$),NY.GDP.MKTP.CD,St. Kitts and Nevis,KNA,299699666.666667,318742962.962963,357237682.126571,364975456.93842,389984428.873318,420086753.420087,460467986.505023,480825603.381159,463418863.307752,501150888.888889,543169962.962963,636071000,674008481.481481,738942555.555555,723209111.111111,705015370.37037,753225962.962963,734462666.666667,788163888.888889,847778185.185185,876478555.555555
GDP (current US$),NY.GDP.MKTP.CD,St. Lucia,LCA,560811111.111111,566370370.37037,604411111.111111,657529592.592593,692507407.407407,780895370.37037,742383555.555555,746048888.888889,810093370.370371,890757592.592592,946681296.296296,1074708518.51852,1150526259.25926,1187075814.81481,1180949888.88889,1241892814.81481,1280623888.88889,1298815407.40741,1318052185.18519,1386188629.62963,1431135703.7037
GDP (current US$),NY.GDP.MKTP.CD,St. Martin (French part),MAF,,,,,,,,,,,,,,,,,,,,,
GDP (current US$),NY.GDP.MKTP.CD,St. Vincent and the Grenadines,VCT,316008481.481481,331489703.703704,347770000,373619851.851852,390719148.148148,396270000,430040370.37037,461883444.444444,481806296.296296,521975111.111111,550728666.666667,610778296.296296,678322629.62963,695428851.851852,674922481.481482,681225962.962963,676129407.407407,692933740.740741,721207148.148148,727912814.814815,737683555.555555
GDP (current US$),NY.GDP.MKTP.CD,Sudan,SDN,13829744878.6366,9018243044.45155,11681494637.3041,11250327988.0478,10682045258.3647,12257418326.0734,13182979783.533,14803189092.7044,17646503525.1743,21457470202.7839,26524538565.7403,35822408611.5588,45898948564.0593,54526580231.5568,53150209167.934,65634109236.7736,67327289319.733,68125631150.2939,72065940085.772,82151588418.8325,97156119150
GDP (current US$),NY.GDP.MKTP.CD,Suriname,SUR,693970588.235294,860630922.693267,929607500,945000000,885444186.046512,892164393.939394,763465550.458716,1078402127.65957,1271196078.43137,1484092538.40527,1793754804.70037,2626380435.17877,2936612021.85792,3532969034.60838,3875409836.06557,4368398047.64333,4422276621.78703,4980000000,5130909090.90909,5210303030.30303,5150291216.67106
GDP (current US$),NY.GDP.MKTP.CD,Swaziland,SWZ,1698982437.76019,1602760100.48147,1716699913.19444,1576904292.4588,1547884442.26205,1705063301.53607,1524393932.00218,1406552373.18205,2170557576.63886,2761964270.23345,3106903700.09278,3180028915.3068,3362443069.23666,3240596584.03138,3575304672.1031,4526397202.64438,4959993196.6231,4868463069.42753,4610962392.93223,4492552857.81418,4118488059.31546
GDP (current US$),NY.GDP.MKTP.CD,Sweden,SWE,264051981551.316,288103936773.039,264477727278.681,266800462898.904,270847937645.236,259802012617.057,239917320966.977,263926220332.543,331108912605.271,381705425301.746,389042298376.845,420032121655.688,487816328342.309,513965650650.119,429657033107.737,488379327089.837,563113421113.421,543880647757.404,578742001487.571,573817719109.402,495694356611.551
GDP (current US$),NY.GDP.MKTP.CD,Switzerland,CHE,341759012938.689,329619351051.78,286604024805.347,294977518761.208,289884127679.404,271659728209.379,278628772872.719,301127808995.252,351982634291.23,393541693928.428,407535656039.19,429195591242.622,477407802315.895,551546962699.658,539528229942.101,581211708792.789,696311671959.459,665054050620.785,684835034384.327,702705544908.583,670789928809.882
GDP (current US$),NY.GDP.MKTP.CD,Syrian Arab Republic,SYR,11396706586.8263,13789560878.2435,14505233968.8716,15200846138.4615,15873875968.9922,19325894913.1254,21099833783.503,21582248881.6592,21828144686.0394,25086930693.0693,28858965517.2414,33332844574.7801,40405006007.2086,,,,,,,,
GDP (current US$),NY.GDP.MKTP.CD,Tajikistan,TJK,1231523034.78397,1043893062.60575,921843144.229059,1320126706.15503,1086567377.60543,860550305.832491,1080774007.25065,1221113780.25397,1554125530.8029,2076148695.50581,2312319579.02843,2830236053.84429,3719497371.09659,5161336170.46084,4979481980.35098,5642178579.58438,6522732202.50748,7633049792.09321,8506674782.75471,9236309138.04277,7853450374.0001
GDP (current US$),NY.GDP.MKTP.CD,Tanzania,TZA,5255221424.80962,6496195450.61034,7683852496.84499,9345174219.07253,9697847263.63196,10185786382.8283,10383560602.8537,10805599892.7355,11659129888.8021,12825801580.9281,16929976600.142,18610460326.5437,21501741757.484,27368386358.131,28573777052.4542,31407908612.0943,33878631649.4157,39087748240.4403,44333456244.744,48197218326.7942,45628247290.4618
GDP (current US$),NY.GDP.MKTP.CD,Thailand,THA,169278552851.272,183035154107.494,150180268649.388,113675706127.265,126668932159.508,126392308497.749,120296746256.631,134300851255.002,152280653543.725,172895476152.592,189318499954.003,221758486880.313,262942650543.771,291383081231.82,281574762729.76,340923571200.889,370608559050.496,397290682074.825,419888628523.075,404320038916.496,395168025882.03
GDP (current US$),NY.GDP.MKTP.CD,Timor-Leste,TLS,,,,,,368000000,452000000,444000000,453000000,466000000,491000000,463000000,559000000,694000000,827000000,943000000,1148000000,1293000000,1312000000,1399000000,1441718600
GDP (current US$),NY.GDP.MKTP.CD,Togo,TGO,1309382885.33029,1465448290.34132,1498950899.08774,1587345950.9743,1576094566.48548,1294250233.18894,1332328999.09077,1474630207.08242,1673690429.61609,1937074572.08687,2115154262.03025,2202809251.31304,2523462557.38975,3163416242.05877,3163000528.8167,3172945644.5585,3756023159.96,3866617462.61854,4080929201.27925,4482880424.33988,4087903912.67555
GDP (current US$),NY.GDP.MKTP.CD,Tonga,TON,202547013.927138,219583570.094975,212155124.65374,188686997.319035,196686674.669868,202363492.160332,181244788.473329,182737040.095422,202543202.004099,229358214.792003,262176133.72543,294137737.070038,300143056.873221,349459648.569023,318151987.342379,369435481.362435,423015937.994651,472441382.972447,449387934.017765,443475142.084644,435142408.969348
GDP (current US$),NY.GDP.MKTP.CD,Trinidad and Tobago,TTO,5329214163.22001,5759537726.26601,5737751331.63779,6043694330.21609,6808982520.75759,8154338232.95978,8824873259.32105,9008273720.93395,11305459802.0683,13280275123.0354,15982282462.3786,18369070085.3888,21642304045.512,27870257894.2347,19175196445.7936,22157948396.2042,25433011405.3017,25694164489.2373,26436221401.2976,26175906133.4665,23559287483.9276
GDP (current US$),NY.GDP.MKTP.CD,Tunisia,TUN,18030876599.3444,19587322786.1105,20746360430.4187,21803372266.6198,22943685719.103,21473188881.5933,22066101341.4888,23142294436.2383,27453084982.5378,31183139301.4853,32273007553.5687,34378437265.2141,38908069299.204,44856586316.0458,43454935940.1614,44050929160.2627,45810626509.4474,45044176963.9542,46255554871.6686,47603227896.5659,43015089722.6754
GDP (current US$),NY.GDP.MKTP.CD,Turkey,TUR,169485941048.035,181475555282.555,189834649111.257,269287100882.24,249751469675.263,266567532789.507,196005289735.64,232534560443.206,303005303084.816,392166275622.589,482979839089.015,530900094644.732,647139816980.49,730325337118.723,614569781800.821,731144536446.484,774775356126.167,788862935211.869,823256641370.335,798781754066.919,717879788566.76
GDP (current US$),NY.GDP.MKTP.CD,Turkmenistan,TKM,2482228439.71407,2379281767.9558,2450084970.24741,2605688065.08338,2450686659.778,2904662604.82053,3534771968.51189,4462028988.72949,5977440582.80171,6838351088.46688,8104355716.8784,10277598152.4249,12664165103.1895,19271523178.8079,20214385964.9123,22583157894.7368,29233333333.3333,35164210526.3158,39197543859.6491,43513684210.5263,35854571428.5714
GDP (current US$),NY.GDP.MKTP.CD,Turks and Caicos Islands,TCA,,,,,,,,,,,,,,,,,,,,,
GDP (current US$),NY.GDP.MKTP.CD,Tuvalu,TUV,11025945.1445515,12334846.2320995,12700905.4475286,12757632.8684508,13687141.1058778,13742057.0500928,13196544.946726,15450994.2410084,18231078.5394643,21534931.6075894,21839098.8927071,22902861.4457831,27030374.0272781,30290219.7617849,27101076.2751521,31823518.6204366,39312016.5033522,39875750.6730172,38322359.5288666,37259689.9224806,32673277.7402149
GDP (current US$),NY.GDP.MKTP.CD,Uganda,UGA,5755818947.42125,6044585326.938,6269333313.17108,6584815846.52754,5998563257.94659,6193246837.09687,5840503868.57245,6178563590.89254,6336696288.98214,7940362799.17997,9013834373.41246,9942597779.99265,12292813603.2327,14239026629.639,18160711201.0079,20186498788.8153,20471099197.0034,23506194155.2319,24992173594.2485,27760811822.5182,27529249701.1469
GDP (current US$),NY.GDP.MKTP.CD,Ukraine,UKR,48213868178.0873,44558077827.135,50150399791.647,41883241471.7365,31580639045.454,31261527363.144,38009344576.6088,42392896031.2394,50132953288.203,64883060725.7003,86142018069.3504,107753069306.931,142719009900.99,179992405832.321,117227769791.56,136013155905.036,163159671670.265,175781379051.433,183310146378.081,133503411375.739,90615023323.7353
GDP (current US$),NY.GDP.MKTP.CD,United Arab Emirates,ARE,65743666575.8649,73571233996.1863,78839008444.5655,75674336283.1858,84445473110.9598,104337372362.151,103311640571.818,109816201497.617,124346358066.712,147824370319.946,180617018379.85,222105922396.188,257916133424.098,315474615738.598,253547358747.447,286049336038.121,348526072157.931,373431994554.118,388598502382.573,401958066712.049,370296255956.433
GDP (current US$),NY.GDP.MKTP.CD,United Kingdom,GBR,1320255641470.73,1392979719188.77,1537090700720.37,1623564094070.88,1652167933991.26,1635441065214.1,1613034403339.57,1757571942446.04,2028488163265.31,2389004027828.63,2508103636363.64,2678277828886.84,3063005202080.83,2875463235294.12,2367127278392.27,2429602904820.77,2608995353308.76,2646002634059.62,2719509472492.7,2998833559195.71,2861090726739.55
GDP (current US$),NY.GDP.MKTP.CD,United States,USA,7664060000000,8100201000000,8608515000000,9089168000000,9660624000000,10284779000000,10621824000000,10977514000000,11510670000000,12274928000000,13093726000000,13855888000000,14477635000000,14718582000000,14418739000000,14964372000000,15517926000000,16155255000000,16691517000000,17393103000000,18036648000000
GDP (current US$),NY.GDP.MKTP.CD,Uruguay,URY,19297663096.5506,20515465834.0682,23969746849.9221,25385928198.3212,23983945190.6202,22823255801.8447,20898788416.6348,13606494599.4261,12045631092.5353,13686329890.1191,17362857683.8545,19579457966.0538,23410572634.3147,30366213119.2928,31660911277.0294,40284682479.8596,47962439303.7247,51265399744.9558,57531233350.9101,57235766825.403,53442697568.7227
GDP (current US$),NY.GDP.MKTP.CD,Uzbekistan,UZB,13350468917.4115,13948892215.5689,14744603773.5849,14988971210.8383,17078465982.0282,13760374487.51,11401351420.1718,9687951055.22541,10128112401.4248,12030023547.8807,14307509838.8053,17330833852.919,22311393927.8817,29549438883.8338,33689223673.2577,39332770928.9426,45915191189.3237,51821573338.1312,57690453460.6205,62643953021.7594,66732736498.1951
GDP (current US$),NY.GDP.MKTP.CD,Vanuatu,VUT,233902114.8683,245177633.168933,255890221.800293,262301252.769228,267999225.256634,272014693.050806,257926881.72043,262603781.799059,314463144.04219,364996869.129618,394962552.336108,439376794.094041,526428309.945088,607958616.143415,610066628.693058,700804286.224354,792149700.679116,781702874.106058,801787555.861121,814954306.971033,742432131.041002
GDP (current US$),NY.GDP.MKTP.CD,"Venezuela, RB",VEN,74906532239.819,68263823148.8138,85843534588.6206,91331203433.1629,97976886247.3172,117140723529.412,122903960204.505,92893587733.6549,83620628582.1082,112453382329.615,145510008134.75,183477522123.894,230364012575.687,315600203539.823,329418979506.288,393801459277.332,316482190800.364,381286237847.667,371336634589.947,,
GDP (current US$),NY.GDP.MKTP.CD,Vietnam,VNM,20736163924.0492,24657470352.545,26843701147.496,27209601995.8245,28683657995.128,33640085738.648,35291349197.4254,37947904054.452,42717072869.3917,49424107709.8946,57633255618.2731,66371664817.0436,77414425532.2452,99130304099.1274,106014601171.036,115931749697.241,135539487317.008,155820001920.492,171222025117.381,186204652922.262,193599379094.859
GDP (current US$),NY.GDP.MKTP.CD,Virgin Islands (U.S.),VIR,,,,,,,,3269000000,3453000000,3799000000,4439000000,4504000000,4803000000,4250000000,4203000000,4339000000,4239000000,4095000000,3764000000,3624000000,3765000000
GDP (current US$),NY.GDP.MKTP.CD,West Bank and Gaza,PSE,3282799986.7167,3409599993.73375,3759800011.59521,4067800005.26302,4271199990.33746,4313600004.90521,4003700002.37772,3555799991.55726,3968000000,4329200000,4831800008.91325,4910100004.48853,5505800004.86843,6673500000,7268200000,8913100000,10459845726.257,11279400010.3737,12476000000,12715599988.8203,12677399994.8544
GDP (current US$),NY.GDP.MKTP.CD,"Yemen, Rep.",YEM,4258788725.44991,5785685310.86668,6839039029.748,6325219772.93811,7641101221.43876,9636342274.82408,9854042164.67463,10693278291.8149,11777768086.8693,13873500887.5612,16753769531.6987,19081722875.3022,21656517484.2538,26910851361.7555,25130274124.2524,30906749533.221,32726417878.391,35401339869.3055,40415233436.1767,43228583935.0365,37733919936.2465
GDP (current US$),NY.GDP.MKTP.CD,Zambia,ZMB,3807067121.8609,3597220962.00017,4303281932.29365,3537683046.02331,3404311976.54941,3600683039.73254,4094480988.11931,4193845678.17033,4901839731.26571,6221077674.77871,8331870169.14977,12756858899.2812,14056957976.2648,17910858637.9048,15328342303.9575,20265556273.582,23460098339.7453,25503370699.2015,28045460442.1876,27150646859.9662,21154394545.895
GDP (current US$),NY.GDP.MKTP.CD,Zimbabwe,ZWE,7111270700,8553146600,8529571600,6401968200,6858013100,6689957600,6777384700,6342116400,5727591800,5805598400,5755215200,5443896500,5291950100,4415702800,8157077400,9422161300,10956226600,12392715500,13490227100,14196912500,14419185900