Series Name,Series Code,Country Name,Country Code,2000 [YR2000],2001 [YR2001],2002 [YR2002],2003 [YR2003],2004 [YR2004],2005 [YR2005],2006 [YR2006],2007 [YR2007],2008 [YR2008],2009 [YR2009],2010 [YR2010],2011 [YR2011],2012 [YR2012],2013 [YR2013],2014 [YR2014]
"Health expenditure, public (% of GDP)",SH.XPD.PUBL.ZS,Afghanistan,AFG,,,0.550723349693097,0.607900411449694,0.969458795306644,0.801919174976177,1.06242003295885,0.522136074337234,1.38558405016911,2.58612677661736,2.85537650336187,2.08009266048495,2.92056600686017,2.65039388933567,2.93283372244438
"Health expenditure, public (% of GDP)",SH.XPD.PUBL.ZS,Albania,ALB,2.25841795816027,2.29222401883407,2.25632589321577,2.25210415138827,2.67940487027608,2.70645544320724,2.57513609220797,2.62917110005578,2.69389845031128,2.83357574292141,2.47656802965785,2.84917085992716,2.73570410001882,2.83598423579657,2.93637327545596
"Health expenditure, public (% of GDP)",SH.XPD.PUBL.ZS,Algeria,DZA,2.55856124047112,2.97171746019342,2.85227361028799,2.8022370230518,2.56624807223201,2.280233074217,2.33485067068202,2.70557079118492,3.06280389313885,3.83796597982052,3.5932085260866,3.77572930750934,4.52025088967055,5.18835904861412,5.24414552955179
"Health expenditure, public (% of GDP)",SH.XPD.PUBL.ZS,American Samoa,ASM,,,,,,,,,,,,,,,
"Health expenditure, public (% of GDP)",SH.XPD.PUBL.ZS,Andorra,AND,3.97654822680877,3.9797635075,4.1095890413118,3.94617981496637,3.91626013954338,3.45970884882557,3.56612237269886,4.58632291177794,4.82507081909656,5.03753714401857,6.24202669690614,4.92628930611444,5.74703987727854,9.69235679434577,6.34144600379996
"Health expenditure, public (% of GDP)",SH.XPD.PUBL.ZS,Angola,AGO,1.67721646393826,2.81240339432466,1.6852175417811,2.04436935752555,2.40784051512228,2.02464637963424,3.02243534532962,2.2137640191505,2.7163344521679,2.66391720736108,2.06125466361568,2.1550942738678,2.13731650332463,3.08040839243067,2.12491219482846
"Health expenditure, public (% of GDP)",SH.XPD.PUBL.ZS,Antigua and Barbuda,ATG,2.78780547978571,2.94975995263229,2.95023144422571,2.95001300522209,2.67979352993251,2.95009859510405,2.95010587352892,2.94999999638808,3.34303138567337,3.34389959580393,3.89354714200257,3.89103955857785,3.65233263420234,3.59259739301885,3.7846106758651
"Health expenditure, public (% of GDP)",SH.XPD.PUBL.ZS,Argentina,ARG,4.96580358156875,5.06593399236791,4.45294004904602,4.25102318284521,3.5223967580518,3.66423384815177,3.65486893608476,3.7830748408105,4.12109735204135,5.04078579917749,4.16348234485279,3.74539250299684,2.95895087365842,2.73502200838753,2.65267379758746
"Health expenditure, public (% of GDP)",SH.XPD.PUBL.ZS,Armenia,ARM,1.1375319992714,1.59147462239938,1.36133246305226,1.51657026905126,1.40445070404619,1.90505340097414,2.05288205347574,2.09928499772757,1.76477031286058,2.01000537643753,1.92271406298879,1.93890353610003,1.875681541349,1.94669099662931,1.92567566679549
"Health expenditure, public (% of GDP)",SH.XPD.PUBL.ZS,Aruba,ABW,,,,,,,,,,,,,,,
"Health expenditure, public (% of GDP)",SH.XPD.PUBL.ZS,Australia,AUS,5.39951166600973,5.42099865976707,5.62066014498957,5.50612733998109,5.72489888888071,5.661448483541,5.66088659128878,5.76587639494667,5.92763100804262,6.18655601124249,6.12733425339335,6.31537827786627,6.28563326864891,6.27491713946684,6.31659265830595
"Health expenditure, public (% of GDP)",SH.XPD.PUBL.ZS,Austria,AUT,7.53636652560457,7.50331422713256,7.60650834820909,7.73647976222815,7.79133645949423,7.83141883026931,7.73793278645584,7.77580259181686,7.9958568889069,8.46612960852866,8.40000694654048,8.21367472312377,8.41718956179517,8.37061343691088,8.72502571998798
"Health expenditure, public (% of GDP)",SH.XPD.PUBL.ZS,Azerbaijan,AZE,0.866892751051386,0.846501129775094,0.791817882856003,0.829677969977225,1.02867003551608,0.880905374879911,0.864184359643595,0.980253879062945,0.824675486227748,1.33896972043272,1.16802072348113,1.08098767355382,1.21059659424934,1.15018390460592,1.23096747894636
"Health expenditure, public (% of GDP)",SH.XPD.PUBL.ZS,"Bahamas, The",BHS,2.50254758667419,2.46689595361132,2.51066542834944,2.6478861161051,2.88043563398674,2.6421896470045,3.27260209986381,3.18150170993135,3.35487743523434,3.52652414862277,3.46081550386833,3.57505624229464,3.29824927348041,3.0769557200659,3.55067269628093
"Health expenditure, public (% of GDP)",SH.XPD.PUBL.ZS,Bahrain,BHR,2.36241776049525,2.53287851300168,2.58432320275096,2.50112364914108,2.26780958638844,2.15652223343613,2.1252506563191,2.1845672455333,2.31305803661807,2.74844437915104,2.59337939061706,2.38353275505028,2.76266224209255,3.01599439504668,3.1505002966817
"Health expenditure, public (% of GDP)",SH.XPD.PUBL.ZS,Bangladesh,BGD,0.946712406940891,1.02492646100947,1.06780982676564,0.975548071460333,1.04206718439942,0.966800141558334,1.03883018627587,0.987683697897375,0.953752468656278,0.99109963109737,1.05017299005434,1.04109010271516,0.984483722239495,0.810323955737224,0.786532509303699
"Health expenditure, public (% of GDP)",SH.XPD.PUBL.ZS,Barbados,BRB,3.39205000826966,3.69664401651001,3.96299038812936,3.84327810658415,3.71807147636784,3.46327899706794,3.41584580460833,3.75830091195572,4.05631234268399,4.14496177546471,4.00992874652179,4.15598991702212,4.84151341568659,4.89989426274945,4.74463221891406
"Health expenditure, public (% of GDP)",SH.XPD.PUBL.ZS,Belarus,BLR,4.6264545985217,4.7399353516208,4.5605487269725,4.86575548669047,4.92295099759269,5.02273828698928,4.45040012304812,4.45142432533786,3.87157645095135,3.89544240154238,4.31480554416205,3.4725576470448,3.86575790034666,4.02229116723369,3.74175525108481
"Health expenditure, public (% of GDP)",SH.XPD.PUBL.ZS,Belgium,BEL,6.0583742139522,6.2528146293914,6.24450896974947,6.91809655128785,7.12785709286609,7.11274822928982,6.96237045428124,6.95293676886726,7.39675444603089,8.04382236363368,7.89670272603664,8.00673737492923,8.18629897064482,8.22671910845635,8.2499894691465
"Health expenditure, public (% of GDP)",SH.XPD.PUBL.ZS,Belize,BLZ,2.09169732517455,2.58942255108253,2.45654178889319,2.58939430689964,2.50717175217361,2.6479510954638,2.66925096930858,3.02231292517783,3.29067458561981,3.86242716266679,3.85838186625688,3.72560429549547,3.57774343570053,3.77713074647888,3.87965784511337
"Health expenditure, public (% of GDP)",SH.XPD.PUBL.ZS,Benin,BEN,1.91752678366898,2.30826363463756,1.88867040542044,2.2112665262835,2.17523278415898,2.35247989144874,2.38575093198645,2.30708560603244,2.13769672512541,2.32862407883195,2.68857036174454,2.92900975832811,2.15409383963719,2.2154564793291,2.2511962859977
"Health expenditure, public (% of GDP)",SH.XPD.PUBL.ZS,Bermuda,BMU,,,,,,,,,,,,,,,
"Health expenditure, public (% of GDP)",SH.XPD.PUBL.ZS,Bhutan,BTN,5.32505165352036,4.84989379763426,6.60698512969999,3.74901945483077,3.19355460481406,4.16637575533926,4.29057998026178,5.11889393829548,5.56240866583943,4.89129547191736,4.54479495702938,4.14289346177059,2.70086093065717,2.8048247734453,2.61503965372083
"Health expenditure, public (% of GDP)",SH.XPD.PUBL.ZS,Bolivia,BOL,3.24534361813491,3.74416760901034,4.10180746079923,3.49627892206233,3.49227641510403,3.8607407886845,3.52134078521476,3.40882778298066,3.40684324428851,3.94822627133405,3.66299672549406,3.75214169429981,3.77236617172668,4.23834918590784,4.56537753689068
"Health expenditure, public (% of GDP)",SH.XPD.PUBL.ZS,Bosnia and Herzegovina,BIH,4.0320957164077,4.31250573268656,4.42254649775422,5.4785478721439,5.17327216360643,4.86592865909855,4.97996983900139,5.33422194321165,5.81286056192551,6.80355125455417,6.78892133204291,6.92300648375157,7.08021227350118,6.62977227597232,6.81307708155356
"Health expenditure, public (% of GDP)",SH.XPD.PUBL.ZS,Botswana,BWA,2.89985242134753,4.14645723818623,4.89468985598901,2.96979640433896,3.88809591708632,4.09047919569359,3.47911414928574,3.31571188110438,3.92832192871024,4.4945372314959,3.54446178538781,3.23601694209375,3.95538221098199,3.50694528019434,3.1938844548139
"Health expenditure, public (% of GDP)",SH.XPD.PUBL.ZS,Brazil,BRA,2.83247184486353,3.04095891613474,3.18299229316179,3.08032817487837,3.32367559070064,3.43190885039361,3.49265209235803,3.45514822901026,3.61158219025875,3.84135564942092,3.78613962281158,3.65400198589264,3.66135203981229,3.82730701156423,3.83175988488459
"Health expenditure, public (% of GDP)",SH.XPD.PUBL.ZS,British Virgin Islands,VGB,,,,,,,,,,,,,,,
"Health expenditure, public (% of GDP)",SH.XPD.PUBL.ZS,Brunei Darussalam,BRN,2.59858883045128,2.57678126552707,2.56738540756706,2.59353869302896,2.52226658521646,2.21589714830517,1.92907794170655,2.03867095975993,2.01577451535929,2.59195169069984,2.52002443706044,2.06675797101268,2.11253245667583,2.40748089911206,2.485567876731
"Health expenditure, public (% of GDP)",SH.XPD.PUBL.ZS,Bulgaria,BGR,3.69827419618613,4.22438928149315,4.53679179486891,4.61796296289369,4.30515356965488,4.3129714548098,3.80081284745536,3.73070585932035,3.87031635553503,3.75184984953079,4.03423009967345,3.7596558462114,3.99981850152842,4.12286174167065,4.60763146030852
"Health expenditure, public (% of GDP)",SH.XPD.PUBL.ZS,Burkina Faso,BFA,2.01691535536854,1.83244887578328,2.25668653490564,2.60425299287461,3.4643844436045,4.09177599204143,3.74106495452151,3.99572173908567,3.99697396417367,3.6583793260372,3.9711797669242,2.95514785008818,2.98036859035407,3.4893953595788,2.59397373941719
"Health expenditure, public (% of GDP)",SH.XPD.PUBL.ZS,Burundi,BDI,1.40436446415307,1.634485910557,1.55512253993137,1.34518823745013,2.54495209786507,2.93779643089866,3.52882933550884,3.78043619979717,3.35531170911367,3.09304018089918,5.49965674446632,5.40187729719006,4.93086533553965,4.39665305322612,3.97372755700813
"Health expenditure, public (% of GDP)",SH.XPD.PUBL.ZS,Cabo Verde,CPV,3.52493312204188,3.91353568432876,3.89312052354466,3.74687164234598,3.7893525486488,3.64999051299272,3.96268029321365,3.38633645554782,3.03734974022291,3.23926532345815,3.43176684495911,3.33576025898346,3.3386414795271,3.12043987242047,3.55722675258989
"Health expenditure, public (% of GDP)",SH.XPD.PUBL.ZS,Cambodia,KHM,1.34014961836956,1.30376830963253,1.52043927858755,2.41616427126765,2.39232411824971,1.61821874420628,1.23528857376851,1.32177086209139,1.11133122882458,1.31246853240036,1.44077499870822,1.33985553044447,1.50334069829884,1.3975847091577,1.25104201110184
"Health expenditure, public (% of GDP)",SH.XPD.PUBL.ZS,Cameroon,CMR,0.932629186489131,1.12919927716832,1.2903832036058,1.331728012485,1.12963812201867,1.12007917717398,1.07609231354621,1.06577620724432,1.0492873338891,1.28313286049601,1.50760227561052,1.33144715668008,1.06674709653088,1.01246967354719,0.9386336914005
"Health expenditure, public (% of GDP)",SH.XPD.PUBL.ZS,Canada,CAN,6.0984267584129,6.36490468070647,6.51430574632066,6.6942436429855,6.71990198613605,6.72355952642142,6.78840782283776,6.89350135864749,7.06345385166159,7.91415821232848,7.88439633962119,7.67679250143507,7.65114455445599,7.57566492775088,7.41193188359009
"Health expenditure, public (% of GDP)",SH.XPD.PUBL.ZS,Cayman Islands,CYM,,,,,,,,,,,,,,,
"Health expenditure, public (% of GDP)",SH.XPD.PUBL.ZS,Central African Republic,CAF,2.10214683627238,1.86388920656981,2.0622519454657,2.07681191260861,1.84511524110848,2.11468993868334,1.92399023483932,2.03672244911358,2.29050896502878,1.49716213223412,1.97714643337274,1.84022614446852,1.76802986747649,1.91335923442542,2.05694298342313
"Health expenditure, public (% of GDP)",SH.XPD.PUBL.ZS,Chad,TCD,2.66748417981441,2.39648242532992,2.69186399220432,2.26832028445108,2.29935515459735,1.55797136951557,1.12897879894206,1.25025122114192,0.996604191480375,1.23152279145662,1.18513716483718,1.53487456467596,1.42193940705609,1.77469231473772,1.97895016197841
"Health expenditure, public (% of GDP)",SH.XPD.PUBL.ZS,Channel Islands,CHI,,,,,,,,,,,,,,,
"Health expenditure, public (% of GDP)",SH.XPD.PUBL.ZS,Chile,CHL,3.33206176722937,3.4845421577874,3.52989088115513,2.68754976128364,2.63814344000135,2.53629152371266,2.51761734723353,2.65565625834576,2.94258871846561,3.46810215135554,3.29492563183112,3.33263923550332,3.47616472142117,3.63282145186277,3.85130942382301
"Health expenditure, public (% of GDP)",SH.XPD.PUBL.ZS,China,CHN,1.75984346798348,1.62128422384106,1.71467223811145,1.74652999360582,1.7934298346178,1.80592030570185,1.83853832016431,2.02659210629064,2.29212345221841,2.66448262883781,2.65382009814189,2.81065265559765,2.94581376572463,3.00560140776841,3.09517428574474
"Health expenditure, public (% of GDP)",SH.XPD.PUBL.ZS,Colombia,COL,4.68382686372351,4.69052384130857,4.54973605822316,4.89927743651169,4.08286676407635,4.31601707701768,4.53504230535562,4.5395265189077,4.69800725588716,5.14827378417631,4.97565293821669,5.01616469757047,5.27751219353019,5.21891836614512,5.40994315432844
"Health expenditure, public (% of GDP)",SH.XPD.PUBL.ZS,Comoros,COM,1.52272309661683,1.09467533948953,1.66975810227742,1.81547483939539,2.01043844534509,2.27405185226427,2.50715151411066,2.80299141038511,3.09453206263524,1.72121211958839,1.45440889841892,1.65675933543098,2.64660402148946,2.00319324480969,2.21732035162544
"Health expenditure, public (% of GDP)",SH.XPD.PUBL.ZS,"Congo, Dem. Rep.",COD,0.044703611918281,0.144179749565995,0.16008040514442,0.700026844480922,0.718354640459159,0.752462162173498,0.938991328189475,1.20943434520707,2.09987276099034,2.3629790608694,1.06259561263605,1.25526855202904,1.68717362754436,1.32344175133358,1.59835646990607
"Health expenditure, public (% of GDP)",SH.XPD.PUBL.ZS,"Congo, Rep.",COG,1.2225920619804,1.33453248949441,1.28795915263031,1.30017916587436,1.36967510480791,1.43460850874686,1.49403276500662,1.54576413258919,1.23859287475675,1.14114181976335,1.38657897176832,1.9773752586129,3.14942137283274,4.05731116996077,4.21192085201507
"Health expenditure, public (% of GDP)",SH.XPD.PUBL.ZS,Costa Rica,CRI,5.61242475992609,5.48550751117005,6.28347599212555,6.45027528688223,5.65325925732226,5.46571205873904,5.39731392358445,5.6278373254187,6.26131067328814,7.02218996471022,7.09261705091349,7.14971400591918,7.00022694596644,6.9144411651341,6.76760152038707
"Health expenditure, public (% of GDP)",SH.XPD.PUBL.ZS,Cote d'Ivoire,CIV,1.78803570399667,1.29025786415949,1.40860098031657,1.33833360900113,1.47167442561388,1.26971949574594,1.35840382468728,1.42821313163728,1.52862642384467,1.6968101519185,1.67617216786863,1.6356969737214,1.88504549257891,1.79658788267037,1.67853849066845
"Health expenditure, public (% of GDP)",SH.XPD.PUBL.ZS,Croatia,HRV,6.60227506340334,5.96435490963546,4.95506417097213,5.24281713110636,5.31415870530128,5.93061725716919,5.98464187481859,6.47762275562361,6.53872294809312,7.00686743060705,7.06496421401327,6.25541214972431,6.36320706066713,6.4030287939429,6.38828759054099
"Health expenditure, public (% of GDP)",SH.XPD.PUBL.ZS,Cuba,CUB,5.50953371683297,5.67049108210868,5.72484995453655,5.6487890439563,5.46818558158423,8.74444824714664,7.08125007803072,9.88319810117835,10.2933582412734,11.283918889505,9.70382826984553,10.0710101901437,8.08825537662495,8.96229454141317,10.5736624889939
"Health expenditure, public (% of GDP)",SH.XPD.PUBL.ZS,Curacao,CUW,,,,,,,,,,,,,,,
"Health expenditure, public (% of GDP)",SH.XPD.PUBL.ZS,Cyprus,CYP,2.40283023369462,2.44925943793816,2.75451844814392,3.08262686139898,2.81346078720799,2.66267721101834,2.66382123822813,2.57804001346717,2.85082560569206,3.31147239331675,3.42530736541286,3.50763508178774,3.41160370882318,3.47079139657009,3.33201922181828
"Health expenditure, public (% of GDP)",SH.XPD.PUBL.ZS,Czech Republic,CZE,5.70253492054997,5.76490275360656,6.14983466752433,6.40447404215735,6.15449696970947,6.05404437532129,5.80540881440219,5.5566262612596,5.62878442322512,6.56965402778014,6.22493666960043,6.31473246868599,6.3417649939107,6.31308785322676,6.26497638338246
"Health expenditure, public (% of GDP)",SH.XPD.PUBL.ZS,Denmark,DNK,7.29518540962089,7.66053888557762,7.88505008677691,8.03990036416628,8.15281889112583,8.25325496362037,8.399549167354,8.4290116429429,8.62121482109804,9.75612539282962,9.43381754305297,9.26885261993922,9.41966027235098,9.59321032175346,9.15873410868918
"Health expenditure, public (% of GDP)",SH.XPD.PUBL.ZS,Djibouti,DJI,3.90050630045769,3.48638026584216,3.51644939550294,4.16769658225925,4.60088828705475,4.93946776356198,4.70273218691758,5.33760059205249,5.74563285787541,5.95720603177541,5.14993909896059,5.01968371195974,5.25888562962271,5.3224174862744,6.7508475871544
"Health expenditure, public (% of GDP)",SH.XPD.PUBL.ZS,Dominica,DMA,3.30839647945375,3.23826402017912,3.29027280334317,3.1737759776896,2.97415808163108,3.01970000091654,3.09468305059324,3.07791977881614,2.96951026963712,3.65260468249823,4.04718256921349,3.97439009271373,3.66936388435076,3.81221684351912,3.76797285414733
"Health expenditure, public (% of GDP)",SH.XPD.PUBL.ZS,Dominican Republic,DOM,2.19249506543261,1.92589590512164,2.00873854099832,1.82087736676217,1.38861925168979,1.48594904673211,1.78160582719931,1.99250876081234,2.05127782755427,2.24556022107592,2.26396484740848,2.6043860767995,2.70181225883437,2.62346735760439,2.92737564848046
"Health expenditure, public (% of GDP)",SH.XPD.PUBL.ZS,Ecuador,ECU,0.896003183464137,1.22846315163169,1.42887597255015,1.42571458072197,1.42931441752495,1.30987544161665,1.42365577091817,1.50624090047402,1.63035466490774,2.18659127523163,2.45940762438208,2.59738099117624,2.9572929985068,3.85838530149579,4.5081565729241
"Health expenditure, public (% of GDP)",SH.XPD.PUBL.ZS,"Egypt, Arab Rep.",EGY,2.24695839529894,2.32755828191097,2.4038170608271,2.0685479649784,1.98591149477582,1.98504098750096,2.28751927683062,2.04669573566887,2.02972719676479,2.05812684568974,1.87259284495657,1.99080413552396,1.90923132745214,2.05746810088159,2.15538450092222
"Health expenditure, public (% of GDP)",SH.XPD.PUBL.ZS,El Salvador,SLV,3.79630276305561,3.7534486672842,3.80568022058247,3.75017366471408,3.6353041963081,3.81255309378718,4.15313880402905,3.74476964597656,3.70671478123122,4.13369692671147,4.29012068983113,4.32790334061548,4.21047115425008,4.63229190795402,4.46950832355056
"Health expenditure, public (% of GDP)",SH.XPD.PUBL.ZS,Equatorial Guinea,GNQ,2.16627167819278,1.33552519703037,1.11172151453873,1.52759716025584,1.3524546238647,0.913982114139367,1.46745206624669,1.64082835792741,1.79507957244116,4.46110840249208,3.05717111238629,2.59665433056104,3.32588193783153,2.96178990260028,2.93271044233288
"Health expenditure, public (% of GDP)",SH.XPD.PUBL.ZS,Eritrea,ERI,1.58851116526723,1.38678137735904,1.64046934304339,1.29168899474954,1.23601455755092,1.09593913948451,1.4704505278683,1.49033812928708,1.93142960703663,1.39796022447917,1.42486355939808,1.40782256969421,1.38397646448897,1.37826626046698,1.52746400371587
"Health expenditure, public (% of GDP)",SH.XPD.PUBL.ZS,Estonia,EST,4.07551483357684,3.81748706360849,3.7357258577566,3.77500916844364,3.87711768323315,3.85004155760859,3.67354921199385,3.89924275098823,4.71242341161883,5.21671676250295,4.92734680044662,4.62588547697979,5.11576164827877,5.13860336822777,5.02839590244871
"Health expenditure, public (% of GDP)",SH.XPD.PUBL.ZS,Ethiopia,ETH,2.38265541313674,2.23081820450976,2.55028135471395,2.55636890789067,2.37364068032608,2.58033434900003,2.52940562752272,2.57147709890482,2.22132218934286,2.42151969535998,3.71673603520435,3.73515572844185,3.31059512580315,2.95363771833847,2.86756675022142
"Health expenditure, public (% of GDP)",SH.XPD.PUBL.ZS,Faroe Islands,FRO,,,,,,,,,,,,,,,
"Health expenditure, public (% of GDP)",SH.XPD.PUBL.ZS,Fiji,FJI,3.2355711557634,2.62817835515333,2.85448819330294,2.70026475790915,2.88766334047704,2.9360558160999,3.01236198615652,2.79198260060047,2.78032904204897,2.95390615781351,2.96520593582039,2.67714419539072,2.76214864262542,2.9022438714577,2.95320810980441
"Health expenditure, public (% of GDP)",SH.XPD.PUBL.ZS,Finland,FIN,5.1444641627189,5.34361308828694,5.65716003187278,5.9322325176186,6.01726610288277,6.2218654743803,6.27918843024703,6.03173102267813,6.2538219429826,6.89682278922443,6.73883183033554,6.75355115562938,7.04083987517311,7.2040166841482,7.2898142731073
"Health expenditure, public (% of GDP)",SH.XPD.PUBL.ZS,France,FRA,7.75949957277465,7.84866657402846,8.14165389440164,8.12782087781033,8.20640926961026,8.2663371722061,8.17318340277947,8.11828779376427,8.16933745952404,8.74652319008317,8.6791049579326,8.73113595350186,8.82605179478001,8.91069404639475,9.02451437620196
"Health expenditure, public (% of GDP)",SH.XPD.PUBL.ZS,French Polynesia,PYF,,,,,,,,,,,,,,,
"Health expenditure, public (% of GDP)",SH.XPD.PUBL.ZS,Gabon,GAB,1.15485615568958,1.28583740510872,1.20729000806685,1.46758130651802,1.36059829043166,1.11498097794982,1.23508613525469,1.26697806590177,1.07624140711515,1.54809964755708,2.4409245497693,2.10328794802313,2.21020120306623,2.93182962304611,2.35058092450617
"Health expenditure, public (% of GDP)",SH.XPD.PUBL.ZS,"Gambia, The",GMB,1.23486670864495,1.55374665024634,1.40735689319153,2.12397487772143,2.51485023852098,2.89759900757024,3.24463093608204,3.40312534034526,3.52701289922378,3.48232826449921,3.43308687645421,3.73512102720427,3.67221276160868,4.18162845335431,5.04561251464499
"Health expenditure, public (% of GDP)",SH.XPD.PUBL.ZS,Georgia,GEO,1.18060888819946,1.3881943656125,1.40035003938286,1.25729463960024,1.3072424666792,1.64850457828725,1.77166210219909,1.44962342493594,1.77997441173598,2.27025857272954,2.28992913341949,1.70062438380959,1.21034891261383,1.27612023782644,1.55273053770004
"Health expenditure, public (% of GDP)",SH.XPD.PUBL.ZS,Germany,DEU,7.99875264293204,8.03376379006309,8.18158774864517,8.2893859678395,7.9198192578627,8.0067018393281,7.85851874989659,7.73251951063298,7.90173866232793,8.70986228865624,8.57573079611166,8.30762230647567,8.36111453567942,8.56949397529851,8.69723732395941
"Health expenditure, public (% of GDP)",SH.XPD.PUBL.ZS,Ghana,GHA,1.49809434067877,2.04500368785488,1.50885022851084,1.58056237553589,2.39904381942556,2.92394495710351,3.04422815560129,3.72988789146403,3.22305449376603,3.6749633620891,3.82937674781945,3.57552048571861,3.14067582699054,3.24216013307847,2.12888508467564
"Health expenditure, public (% of GDP)",SH.XPD.PUBL.ZS,Gibraltar,GIB,,,,,,,,,,,,,,,
"Health expenditure, public (% of GDP)",SH.XPD.PUBL.ZS,Greece,GRC,4.56221110011034,5.14607034087592,5.055646368067,5.14686853014963,4.90873744027045,5.62731909611098,5.79083234514219,5.67782836518577,5.84985855029747,6.78107986210626,6.21635374776093,6.6828023973606,6.2744302264037,6.06628752556277,4.98503919348761
"Health expenditure, public (% of GDP)",SH.XPD.PUBL.ZS,Greenland,GRL,,,,,,,,,,,,,,,
"Health expenditure, public (% of GDP)",SH.XPD.PUBL.ZS,Grenada,GRD,3.44699932569264,4.51323879735109,3.52454987710381,3.05506690763461,2.70056389091793,2.91893639500953,3.2081817593758,2.89789096848365,2.69154161261347,3.07333462836314,3.10052624690881,3.04019062842396,3.04594194503306,2.78244426783902,2.82735741320149
"Health expenditure, public (% of GDP)",SH.XPD.PUBL.ZS,Guam,GUM,,,,,,,,,,,,,,,
"Health expenditure, public (% of GDP)",SH.XPD.PUBL.ZS,Guatemala,GTM,1.90628798410463,2.16538254182755,2.12695041128264,2.25078008813056,2.18862220983782,2.15193384707643,2.38932787561821,2.26818625964039,2.3197879719466,2.5169934040847,2.37549693682411,2.15314798048154,2.14774652971737,2.32188930396873,2.33472901457931
"Health expenditure, public (% of GDP)",SH.XPD.PUBL.ZS,Guinea,GIN,1.09593945187327,1.27041596039565,1.31330022682366,1.31331174704443,0.879682252953166,0.55486584220446,0.665427570307575,0.418226465570024,0.784624402527845,1.34649863443653,2.01176888806535,1.97715897457881,2.09894617721695,2.3782428406525,2.73624478105818
"Health expenditure, public (% of GDP)",SH.XPD.PUBL.ZS,Guinea-Bissau,GNB,0.515965236902095,0.48360487648511,1.29016916004751,1.29615356852002,0.855296172647774,1.08353819385187,1.06854651283572,1.36320144421897,1.15778753619479,1.91662708168469,1.84945341101718,1.04697493206274,1.5913705869227,1.6250123673995,1.14512230685864
"Health expenditure, public (% of GDP)",SH.XPD.PUBL.ZS,Guyana,GUY,4.95494348515089,4.89801030779154,4.94658053968725,4.74972888658659,4.54830726546662,4.35965864457954,3.04494427517381,4.68579605156704,5.59724601448821,5.30091141007861,4.46058370713026,4.57147769021428,4.33943785311489,2.89615344057625,3.1196980913577
"Health expenditure, public (% of GDP)",SH.XPD.PUBL.ZS,Haiti,HTI,1.67955658737294,1.47257876341953,1.41110647505641,1.58534910213745,2.02926952227159,0.9384949558511,1.35559353474179,1.32660942345669,1.35599984120728,1.3726482001624,1.41058325217537,1.80632117026186,0.9802712943667,1.72454125451892,1.55951641782193
"Health expenditure, public (% of GDP)",SH.XPD.PUBL.ZS,Honduras,HND,3.5929701634442,3.61645900940721,3.90616852394704,4.73308693726018,4.20717731098618,3.90589865348012,3.48897018983179,3.63946928031572,3.72557359853675,4.55417153089436,4.21561071410196,3.9168418754013,4.45364758293775,4.45707484804507,4.41783424967662
"Health expenditure, public (% of GDP)",SH.XPD.PUBL.ZS,"Hong Kong SAR, China",HKG,,,,,,,,,,,,,,,
"Health expenditure, public (% of GDP)",SH.XPD.PUBL.ZS,Hungary,HUN,4.99226279409144,4.90774789280321,5.24166091933378,5.98682945624985,5.62590498636406,5.79831589927384,5.65115926150495,5.05082807524355,4.91256727336761,4.95861491123363,5.11749481592431,5.02988706277389,4.91010603127581,4.90582840422918,4.88308190917667
"Health expenditure, public (% of GDP)",SH.XPD.PUBL.ZS,Iceland,ISL,7.5449804160076,7.40536902811272,8.07437599920267,8.2312893394598,7.79429637358172,7.49948502085006,7.34951033803887,7.22544354330676,7.27430978229639,7.47948051858436,7.11606407199138,6.97224335275457,6.99404793664458,7.06758082865318,7.17970593916314
"Health expenditure, public (% of GDP)",SH.XPD.PUBL.ZS,India,IND,1.11244300876211,1.07799618155161,1.02576198679558,0.984930505554407,1.02268176578607,1.13425770024314,1.11061062256138,1.09960072394392,1.16274094202349,1.22097108058083,1.161015808921,1.17537663741106,1.18387274791161,1.2868865843608,1.40723761834997
"Health expenditure, public (% of GDP)",SH.XPD.PUBL.ZS,Indonesia,IDN,0.724682589696499,0.9635657973547,0.88427273834839,1.01530117557703,0.934871135911972,0.803211001451218,0.912583093995768,1.12642589403908,1.00579761754344,1.01954942127209,1.03300414020614,1.02891404740761,1.14773652139499,1.15362898675631,1.07553630056443
"Health expenditure, public (% of GDP)",SH.XPD.PUBL.ZS,"Iran, Islamic Rep.",IRN,1.86312249955916,2.19473641645475,2.18927471621106,2.34823933845694,2.23931691992121,2.33345819829524,2.56809019577101,2.42396484742916,2.43782038058052,2.87914109148466,2.68468208082424,2.47903326276297,2.68760016139836,2.73404015381068,2.84080214465893
"Health expenditure, public (% of GDP)",SH.XPD.PUBL.ZS,Iraq,IRQ,,,,1.97933709523018,4.05040922213065,2.7838722766138,1.91357156880073,2.56524356975047,2.93957483225285,3.45308147471158,2.82324919202521,2.49103317098938,3.28004061136245,3.71919911130644,3.33814898953379
"Health expenditure, public (% of GDP)",SH.XPD.PUBL.ZS,Ireland,IRL,4.46660108366892,4.91167274895254,5.17116710033894,5.40268378263033,5.59622888640263,5.52072418846789,5.44387862517996,5.72991017446134,6.5130271232842,6.91724158083481,6.10143990118165,5.52604346154467,5.62241698351403,5.33328881843884,5.1414840757098
"Health expenditure, public (% of GDP)",SH.XPD.PUBL.ZS,Isle of Man,IMN,,,,,,,,,,,,,,,
"Health expenditure, public (% of GDP)",SH.XPD.PUBL.ZS,Israel,ISR,4.46036146165366,4.71917215314535,4.73781875351353,4.58758637411693,4.47343624638183,4.40842581752689,4.70256022609691,4.56088594968499,4.47159298515823,4.56077326414522,4.61227648183452,4.61852465800337,4.86501699510751,4.85780838573713,4.75169580818511
"Health expenditure, public (% of GDP)",SH.XPD.PUBL.ZS,Italy,ITA,5.70465803145558,5.973164168115,6.07690275012365,6.07045375028726,6.41476698498452,6.64414757582428,6.74359729173351,6.48783966061594,6.83665359286921,7.24866586257852,7.25667349647713,6.96918517468622,6.99312089907865,6.96735137914197,6.99265103346141
"Health expenditure, public (% of GDP)",SH.XPD.PUBL.ZS,Jamaica,JAM,3.22045271441528,2.44963229272323,2.7873492283758,2.30426788811507,2.72385509751686,1.98584492686285,2.31021090906657,2.53492008166266,2.89367120473702,2.89373821162259,2.99010608026722,2.79522281079694,3.27376044485209,3.38013487588788,2.80857803255616
"Health expenditure, public (% of GDP)",SH.XPD.PUBL.ZS,Japan,JPN,6.08761400670646,6.29740617893806,6.36155257615398,6.42041005064956,6.47273952006639,6.65745956892183,6.59643924198703,6.71504486811159,6.99502179051668,7.75349321212359,7.86196936427593,8.3182498386849,8.40992077700266,8.5282190958028,8.55008168512525
"Health expenditure, public (% of GDP)",SH.XPD.PUBL.ZS,Jordan,JOR,4.63530934720144,4.78609309636818,4.81069142638293,4.45103699384047,4.69232590941149,4.76100832050321,4.48990027952521,4.9941819633336,5.43125045524667,6.6959843030952,5.92129561643255,5.90586212558615,5.50930257608822,4.87355544287215,5.19310194631406
"Health expenditure, public (% of GDP)",SH.XPD.PUBL.ZS,Kazakhstan,KAZ,2.11931065340208,1.96579516527646,1.93312090157327,2.01432141424755,2.29466652446217,2.5215417935701,2.30571940034768,1.78413256567302,2.26257831794259,2.65111922886579,2.52721801121328,2.27155273828224,2.4082146901173,2.189205040309,2.36790308672472
"Health expenditure, public (% of GDP)",SH.XPD.PUBL.ZS,Kenya,KEN,2.16672510066623,2.06730417121365,1.94316444207971,1.92813908381667,1.79572089844586,1.84540749554888,1.62431466347779,1.5968585275094,1.4033099503847,1.64162436872084,1.41873554931173,2.6235334085585,3.32293744824743,3.34640418229228,3.50386605776913
"Health expenditure, public (% of GDP)",SH.XPD.PUBL.ZS,Kiribati,KIR,7.58292048213602,8.49180328120796,8.56390977451151,9.46762590424005,9.89208633510302,9.46043165491501,9.35971222832668,11.4007707473759,10.3116652135534,10.364765032155,8.72560975308051,8.5688622752891,8.31360946446163,8.23291428376898,8.2910270243735
"Health expenditure, public (% of GDP)",SH.XPD.PUBL.ZS,"Korea, Dem. People’s Rep.",PRK,,,,,,,,,,,,,,,
"Health expenditure, public (% of GDP)",SH.XPD.PUBL.ZS,"Korea, Rep.",KOR,2.0694278455569,2.62878772176523,2.49619795092623,2.5679244514774,2.60473856304583,2.8184627255441,3.1456044154475,3.27931791218964,3.36436956864586,3.75614175849537,3.85513332723642,3.82134521268656,3.85169162788678,3.90987849298658,3.98524804083959
"Health expenditure, public (% of GDP)",SH.XPD.PUBL.ZS,Kosovo,XKX,,,,,,,,,,,,,,,
"Health expenditure, public (% of GDP)",SH.XPD.PUBL.ZS,Kuwait,KWT,1.90745894285009,2.93851401579395,2.84511647944896,2.59163804907358,2.19767641301469,1.89843597283688,1.82620292134319,1.67889260628345,1.5118626933959,3.37093389358552,2.33448919076549,2.25568331778989,2.18722239899861,2.16562542810075,2.61442253272448
"Health expenditure, public (% of GDP)",SH.XPD.PUBL.ZS,Kyrgyz Republic,KGZ,2.0709018007404,1.9689238403964,2.14921650228064,2.05684400046901,2.27517825855205,2.38059841981733,3.27699723468719,3.53000042472349,3.12832460740031,3.78535256671712,3.71014071967213,3.70108956763904,4.19724385536609,3.87993678652744,3.63943755251271
"Health expenditure, public (% of GDP)",SH.XPD.PUBL.ZS,Lao PDR,LAO,1.13056391048816,1.1777907169135,1.08287062582582,1.27099680032545,0.801898709357287,0.734607085864458,1.14702118930658,1.02973005670796,1.00146952320344,1.85830310696628,1.27818068788513,0.835809611972268,0.792246279828925,0.964872835961681,0.942733751860761
"Health expenditure, public (% of GDP)",SH.XPD.PUBL.ZS,Latvia,LVA,3.26544667572189,3.15770794614068,3.27906797424168,3.24952285588895,3.68469810312488,3.63715135490387,4.35785714512321,4.25597900025844,4.12451504535882,4.07004162479427,3.94025814694788,3.8734014164312,3.57695539259364,3.53984303936494,3.71523198165311
"Health expenditure, public (% of GDP)",SH.XPD.PUBL.ZS,Lebanon,LBN,3.20634861008368,3.7339639093658,3.73559350517632,3.4963758147932,3.71197077326372,3.74433294724431,3.63188247527072,3.71553554118244,3.14481341267309,3.12341714780945,2.70855148507703,2.74439699551247,3.23585528408556,3.05422969513545,3.04392459909057
"Health expenditure, public (% of GDP)",SH.XPD.PUBL.ZS,Lesotho,LSO,3.47402104944524,4.37251010756034,3.83131931534425,4.03488066057766,3.93829173419725,3.30958400454303,4.17571059373268,5.59751221717664,6.0596837653377,7.00041373689675,8.07992507211839,9.08743586731794,8.44735094400863,8.40856481868383,8.08216760272424
"Health expenditure, public (% of GDP)",SH.XPD.PUBL.ZS,Liberia,LBR,1.44875610709387,1.64715107861777,1.09081376652745,1.18960877421905,2.41433961274371,1.55346032628395,2.00429445768928,2.76800142813887,3.9022538247,3.33555505040774,2.740925887317,3.92711577216214,3.38634341096477,2.83218856562904,3.15924303576557
"Health expenditure, public (% of GDP)",SH.XPD.PUBL.ZS,Libya,LBY,1.65983085902031,2.21029369156373,3.05672627349537,2.69200263651088,2.27661867059288,1.74911742705236,1.6401668065547,1.74809733904391,1.38240755517147,2.17818001469003,2.136789648,3.01999999896872,3.01999999931443,3.01999999918326,3.6540791590883
"Health expenditure, public (% of GDP)",SH.XPD.PUBL.ZS,Liechtenstein,LIE,,,,,,,,,,,,,,,
"Health expenditure, public (% of GDP)",SH.XPD.PUBL.ZS,Lithuania,LTU,4.50192924612371,4.54791886151434,4.79217207206847,4.92987538254548,3.83247281969243,3.95366445803828,4.30671584749302,4.54217727246433,4.78419576440611,5.48554661925936,5.02095567496006,4.73913687616332,4.34953943909421,4.31263081450732,4.44688961225535
"Health expenditure, public (% of GDP)",SH.XPD.PUBL.ZS,Luxembourg,LUX,6.36126718270269,6.23638900938149,7.07085848780102,6.45762350660745,6.95829765793393,6.7477064382595,6.59737985066529,5.82007397959225,6.49296977869044,7.02564426874082,6.59470187658961,6.26066182978926,5.98807091410138,5.93923732314848,5.82283606246252
"Health expenditure, public (% of GDP)",SH.XPD.PUBL.ZS,"Macao SAR, China",MAC,,,,,,,,,,,,,,,
"Health expenditure, public (% of GDP)",SH.XPD.PUBL.ZS,"Macedonia, FYR",MKD,4.78776654544655,4.63111246532765,5.19157114144476,5.22603490366277,5.03928924428128,4.78161478440208,4.87674973048857,4.44586773919936,4.74749169971149,4.45685772887054,4.29290363556105,4.27293273720568,4.42539678039971,4.20426909195181,4.10142063757052
"Health expenditure, public (% of GDP)",SH.XPD.PUBL.ZS,Madagascar,MDG,2.57330422807379,2.8085156617348,2.74321383613094,2.2601741884383,2.43699522037702,2.62144998647091,2.81771161526562,2.73982183860859,2.4189184201792,2.4082129194747,2.60655860920451,2.4358722790055,1.81610529723559,2.56044494119451,1.4734146054229
"Health expenditure, public (% of GDP)",SH.XPD.PUBL.ZS,Malawi,MWI,2.77855654938123,2.21508149736534,2.91255003470859,4.57849665834961,5.71696330953991,6.06636650939072,6.19490825895882,4.41611059021513,6.09662472066186,6.18575293654318,6.33925489322466,6.93370254638089,6.76593456547266,5.79345079217968,5.99862083467444
"Health expenditure, public (% of GDP)",SH.XPD.PUBL.ZS,Malaysia,MYS,1.69353254662669,1.99038232529628,1.95887394017215,2.36204142204117,2.1180405391176,1.69082760984623,2.01181669156014,1.96186767208626,1.93670636269575,2.33663974449476,2.28629658565333,2.13591373274732,2.21523329034173,2.20314715391896,2.300290015935
"Health expenditure, public (% of GDP)",SH.XPD.PUBL.ZS,Maldives,MDV,5.119448212287,3.70026800600885,3.56718259681866,3.77820095921264,3.87687766888043,7.12664977057265,5.23783044766593,4.55326736557261,7.02587790171674,6.72971155159241,5.27343523711639,5.60878186549653,6.50292714038898,8.26383345489102,10.7570520917712
"Health expenditure, public (% of GDP)",SH.XPD.PUBL.ZS,Mali,MLI,2.06992132167283,2.87244863248115,2.53887744480176,2.7571989844132,3.09188655273174,3.03852949120449,3.16463356404631,3.36657696126303,3.13569731435922,3.14899578427392,2.80745966142297,3.01524631121213,2.25026258175751,1.1342730807561,1.56817210583928
"Health expenditure, public (% of GDP)",SH.XPD.PUBL.ZS,Malta,MLT,4.74239480746561,4.8342677490485,5.42940094754459,5.54202424823683,5.65368589417792,5.99744888911945,6.04631269843311,5.48224055319959,5.15623215682828,5.25002876161826,5.21954507621189,6.46201208140259,6.62523456579839,6.55428282552335,6.74343039007932
"Health expenditure, public (% of GDP)",SH.XPD.PUBL.ZS,Marshall Islands,MHL,19.2404333327729,16.0719704331727,14.8351456034958,14.2112880182028,15.0909298643643,14.6797101431278,17.0555555541098,17.5919999965246,16.4816993436467,16.0289473653892,14.398170733954,14.27167630293,13.9065217404744,14.5518979017429,14.449168391375
"Health expenditure, public (% of GDP)",SH.XPD.PUBL.ZS,Mauritania,MRT,2.77099352342986,1.87956046168765,2.86206036601585,2.17921835110101,2.46411252490036,2.03335605588606,1.44761643197844,1.65179135197083,1.35456473269992,1.79980273990153,1.52105377959817,1.27914137802014,1.37024701109525,1.72603880254886,1.87101626265899
"Health expenditure, public (% of GDP)",SH.XPD.PUBL.ZS,Mauritius,MUS,1.96954971000325,2.00417059817905,2.18055166640563,2.18834909337791,2.34908883809352,2.21483679516676,2.04750749696089,1.87290983522639,1.78295421566058,2.16869133885324,2.58258812797003,2.46122411024271,2.29270279078213,2.3655561919071,2.3646857456108
"Health expenditure, public (% of GDP)",SH.XPD.PUBL.ZS,Mexico,MEX,2.31810751057025,2.39862084979928,2.42202734809589,2.54127743390246,2.68800390634739,2.61887785609749,2.56034515453965,2.64237476793711,2.76093681700728,3.09593557141928,3.10329567145457,3.06713129801939,3.16097115921284,3.25699340603291,3.2595515743614
"Health expenditure, public (% of GDP)",SH.XPD.PUBL.ZS,"Micronesia, Fed. Sts.",FSM,7.35330987534347,8.0069937471572,7.41407385838529,9.02986285614836,9.8998225951696,11.3112000005904,11.0339920932424,11.1355468802094,11.695402295573,12.1732851962759,12.6107823164178,12.5382152132429,11.5881392624106,12.0899384166725,12.4337520677336
"Health expenditure, public (% of GDP)",SH.XPD.PUBL.ZS,Moldova,MDA,3.22971285729173,3.20753726756412,4.04061003934922,3.96719649701741,4.18238011943853,4.1761393830663,4.71868436495325,4.91970802694563,5.38984774777347,6.05943719849378,5.62147875311765,5.31153991117087,5.51752278385455,5.03134016514821,5.30398830449681
"Health expenditure, public (% of GDP)",SH.XPD.PUBL.ZS,Monaco,MCO,2.86618723346984,2.91177246835825,2.95678810515997,3.46653850066339,3.54513005208895,3.52893664899606,3.36032025440704,2.95265478506928,3.18977759550544,3.8011578997986,3.89646037345456,3.70525708875152,3.76419500760731,3.55496015152541,3.84109845948445
"Health expenditure, public (% of GDP)",SH.XPD.PUBL.ZS,Mongolia,MNG,3.8282862745473,3.8998528398718,3.45527906413003,2.91803128864688,2.9267643604212,2.48459122482071,2.39691359183308,2.73641223524398,3.18351906019202,2.76837271262206,2.65447806658379,2.59570625741904,2.26051489505556,2.21159453031297,2.62057288154372
"Health expenditure, public (% of GDP)",SH.XPD.PUBL.ZS,Montenegro,MNE,5.19650591989139,5.95718476919456,5.88024212143124,6.6630113472597,6.23236672284862,6.02294001763113,5.6134998714837,4.54782170402547,3.991796787001,3.61393064968843,4.17346944224392,4.18659028545608,4.47237839162236,3.71908823561075,3.66738093036381
"Health expenditure, public (% of GDP)",SH.XPD.PUBL.ZS,Morocco,MAR,1.22973784546296,1.42775922681109,1.3788089480128,1.39499543019791,1.42952980167725,1.43892586748042,1.71440250387423,1.898077318352,1.891971766233,2.04639606516308,2.0675720372233,2.08777205957073,2.18146636518459,1.95774948031597,2.00132627619273
"Health expenditure, public (% of GDP)",SH.XPD.PUBL.ZS,Mozambique,MOZ,4.31188307337689,3.96759610886515,4.48886203099451,4.10824097794741,3.52192794705602,4.30613506567999,3.95098184194152,3.10000509601901,2.60680450345207,2.51515993808554,3.01810282646004,2.66457773287955,2.77638276806865,3.11908762642185,3.93673477602069
"Health expenditure, public (% of GDP)",SH.XPD.PUBL.ZS,Myanmar,MMR,0.260997170552109,0.224982014715055,0.313588381507724,0.243334548310478,0.266961522398729,0.16497408488386,0.256312051790598,0.198195285838696,0.207554701170416,0.232553662043626,0.299251927954262,0.297624634605715,0.819629102084188,0.826846154580248,1.04489980395332
"Health expenditure, public (% of GDP)",SH.XPD.PUBL.ZS,Namibia,NAM,4.21402942557101,3.47424690170233,3.57696866770814,3.72233540514409,3.20703875328444,3.57961972256828,3.12912008724389,3.80077117052095,3.89854308987057,4.41722957498792,4.59442936668255,5.31576441418764,4.85409774885329,5.0291364224599,5.35713769859643
"Health expenditure, public (% of GDP)",SH.XPD.PUBL.ZS,Nauru,NRU,12.54768587595,13.3128069730782,14.5354181150233,13.4546707849576,10.6496272597238,11.6177751925908,12.5763367149109,18.1028240439412,15.6067030120443,8.72753415228442,8.45455181608586,7.11055695567173,6.52396561413279,4.19216355221974,2.86766632361526
"Health expenditure, public (% of GDP)",SH.XPD.PUBL.ZS,Nepal,NPL,1.35212334879038,1.59446330237844,1.64084097374522,1.52768761094123,1.59032657601488,1.58532842936808,2.04487497063219,2.28312508311424,2.72569870452389,2.82439526266361,2.86731707346685,3.24209747952292,2.46685459474096,2.21990256184684,2.33781911392106
"Health expenditure, public (% of GDP)",SH.XPD.PUBL.ZS,Netherlands,NLD,4.6826213380697,4.89473375015645,5.21192070337763,5.62741917642828,5.59115870281593,6.66893702493783,7.97446453339499,7.98048949855782,8.20974142814795,8.90151684907736,9.08129607520251,9.08585792842419,9.52842158580686,9.61713475171584,9.48113272941367
"Health expenditure, public (% of GDP)",SH.XPD.PUBL.ZS,New Caledonia,NCL,,,,,,,,,,,,,,,
"Health expenditure, public (% of GDP)",SH.XPD.PUBL.ZS,New Zealand,NZL,5.82783912644866,5.79198492691668,6.14652049500899,6.04151119632219,6.28157711312175,6.57247518741448,6.92299576545041,6.88339970793078,8.90698460566178,9.32301028541721,9.30546187264659,9.34287708293525,9.54766661260345,9.22655693583936,9.08265634450777
"Health expenditure, public (% of GDP)",SH.XPD.PUBL.ZS,Nicaragua,NIC,2.88110203748395,2.83595012441136,2.99522994824394,3.46223107972665,3.3894981660432,3.45056744007501,3.47305168452473,3.79240417345054,3.83004075324328,4.2866974426997,4.28814723089923,4.08197430564639,4.26016257175076,4.42015265496173,5.095797672125
"Health expenditure, public (% of GDP)",SH.XPD.PUBL.ZS,Niger,NER,1.52246548238214,1.86672119972644,1.9092583647538,1.68045031332679,1.84586395732501,2.97865431514663,3.1754970478166,2.66286468161029,2.69587679405105,2.6503865040396,2.16243693900318,2.45324521640341,2.21183469701659,2.45567717576992,3.21449382060819
"Health expenditure, public (% of GDP)",SH.XPD.PUBL.ZS,Nigeria,NGA,0.949286025393347,1.01770735066136,0.622004345434643,0.906661783996842,1.41476043865788,1.19778680999334,1.2046008584415,1.47272880832339,1.47005940255907,1.3246700161326,0.908580696578707,1.15161124796441,1.03316953169958,0.882627255661855,0.922535127428579
"Health expenditure, public (% of GDP)",SH.XPD.PUBL.ZS,Northern Mariana Islands,MNP,,,,,,,,,,,,,,,
"Health expenditure, public (% of GDP)",SH.XPD.PUBL.ZS,Norway,NOR,6.82382819012785,7.22396035015372,8.02720966537763,8.24746405453102,7.88886077054747,7.43028202552273,7.06288775528024,7.21922700758983,7.09117287701534,8.02173767778407,7.83922868707644,7.71723078886873,7.77385599845909,8.00541428726523,8.30961820004689
"Health expenditure, public (% of GDP)",SH.XPD.PUBL.ZS,Oman,OMN,2.5120341298566,2.52896360807365,2.6547507205787,2.62946578632945,2.43756173281751,2.1303478826316,1.86459775764825,1.96828932339595,1.5863008154331,2.30073732705825,2.26972903321026,2.03956651754765,2.0799567676214,2.40857381318527,3.19022857454714
"Health expenditure, public (% of GDP)",SH.XPD.PUBL.ZS,Pakistan,PAK,0.60860242346314,0.551524181178272,0.809386080490467,0.648320921393008,0.677300990535757,0.68591828359374,0.788774804040662,0.798832240794566,0.839235884412989,0.802903526932889,0.954234465759518,0.919768298510679,1.01846301948843,0.994330810719927,0.918811473561161
"Health expenditure, public (% of GDP)",SH.XPD.PUBL.ZS,Palau,PLW,6.3706250025361,6.18511904627178,5.94852070912977,6.09425287354724,6.49067357491009,5.8956310660154,6.34210526274183,6.55976414792253,6.54084507245987,6.61464646819337,7.64111675052795,6.54838709412878,6.73922413874423,6.59918699230724,6.53197026248034
"Health expenditure, public (% of GDP)",SH.XPD.PUBL.ZS,Panama,PAN,5.28462630520362,5.17975862792084,5.54414784193654,5.04670151271641,5.68857418827959,5.2054032729507,4.72077960181346,4.04887817750292,4.66645233785196,5.63276516038002,5.65002184554704,5.08973240956476,4.97151980201537,5.80401002479105,5.87836608751077
"Health expenditure, public (% of GDP)",SH.XPD.PUBL.ZS,Papua New Guinea,PNG,3.25616269706119,5.89505579319534,6.71672843333923,6.02492070830046,7.60145627277613,5.47058434013684,5.05912292048538,3.12384320505618,3.07541317803242,3.22088128551037,3.18341092300896,4.04134722185266,3.65327954200384,3.90600381121265,3.46554272037782
"Health expenditure, public (% of GDP)",SH.XPD.PUBL.ZS,Paraguay,PRY,3.23062814943525,2.65411195453799,2.16010371972585,1.94949196970391,2.03157067089333,2.35519735647171,2.61001499054666,2.69218656814917,2.71307572602448,3.49868063074395,3.36090276312925,3.76591916461175,4.59860124281018,4.78125911881809,4.50224037808286
"Health expenditure, public (% of GDP)",SH.XPD.PUBL.ZS,Peru,PER,2.7208315138646,2.83143958952875,2.8257056164255,2.69086214792457,2.54376134699438,2.6938961303631,2.39214584834967,2.4146230917263,2.45203377411728,2.98344442733999,2.79428723182013,2.62414030621654,2.84664764577429,3.04510366845599,3.31875118045914
"Health expenditure, public (% of GDP)",SH.XPD.PUBL.ZS,Philippines,PHL,1.5267613683802,1.32444307628482,1.11664233930301,1.30620056597237,1.3031314385989,1.50164858669572,1.45218711072951,1.36782651572145,1.33274562386929,1.54867657970829,1.57369150998013,1.30636297494566,1.38625635831445,1.44921704409177,1.61468521943157
"Health expenditure, public (% of GDP)",SH.XPD.PUBL.ZS,Poland,POL,3.85271313587064,4.21039135741854,4.49780846103407,4.34988710566872,4.24200123617159,4.29890204415499,4.31321008281988,4.42036017141353,4.93531591694984,5.09718111444033,4.9028074282589,4.7103557637651,4.57751554131338,4.53442479676005,4.50763960266277
"Health expenditure, public (% of GDP)",SH.XPD.PUBL.ZS,Portugal,PRT,6.19327948156806,6.23314424831511,6.46240519251929,6.56429570187917,6.89340008294731,6.98992893614436,6.58346019994135,6.50671263486069,6.67403727712905,7.16052145055809,7.17149244060859,6.7006560798972,6.23891138747398,6.2321554380732,6.1581891130441
"Health expenditure, public (% of GDP)",SH.XPD.PUBL.ZS,Puerto Rico,PRI,,,,,,,,,,,,,,,
"Health expenditure, public (% of GDP)",SH.XPD.PUBL.ZS,Qatar,QAT,1.57473006504864,1.92199247840904,2.03592304854782,3.48808704303394,3.03690401395021,2.53515165645133,2.17208218425731,1.94332116812925,1.57418263447688,2.06552791262002,1.62083086302673,1.50593140846977,1.83147767297771,1.85480107047667,1.87539141027045
"Health expenditure, public (% of GDP)",SH.XPD.PUBL.ZS,Romania,ROU,3.51369973076252,3.53419163390873,3.75783266961503,4.49338426644131,4.05213959985312,4.39872380520881,4.03078578472703,4.27889108448517,4.3741979968358,4.39196839208957,4.68660530992765,4.37807867042461,4.39738628476331,4.52029473071612,4.47447754983587
"Health expenditure, public (% of GDP)",SH.XPD.PUBL.ZS,Russian Federation,RUS,3.24682435634501,3.32863723894893,3.53075686837449,3.29870837903748,3.09093685289295,3.23047876159266,3.35436078022294,3.45289119504437,3.52013722155741,4.15902203664342,3.69694548573984,3.5824554396571,3.79583889759486,3.70730144902147,3.69092280831769
"Health expenditure, public (% of GDP)",SH.XPD.PUBL.ZS,Rwanda,RWA,1.65315324028375,2.13889148875814,2.18261740915324,3.34504330285024,2.87595996674434,3.19949489216622,4.9805915703573,3.78019361814294,2.83011894850015,2.40205394629676,2.9280135532609,2.81080589814428,2.83587720462144,2.92517744948323,2.86940115045077
"Health expenditure, public (% of GDP)",SH.XPD.PUBL.ZS,Samoa,WSM,4.11544971016676,3.84802213913429,3.94085147237015,3.6494914499703,3.59686078372313,3.58793260049442,3.92556653788974,4.50978287583747,3.8248452998436,4.34103142716363,4.98522439900362,5.10168263162697,4.33764123663637,6.21666746674607,6.53686898556937
"Health expenditure, public (% of GDP)",SH.XPD.PUBL.ZS,San Marino,SMR,4.38539988285964,4.29680943772606,4.2694492202693,3.90726845031522,3.832377434996,3.74974844938257,3.52237297964116,3.54154424959566,3.61626388068738,4.20406279680047,4.64745042101927,5.32235758856709,5.86594833760214,5.65607223319195,5.73605881279885
"Health expenditure, public (% of GDP)",SH.XPD.PUBL.ZS,Sao Tome and Principe,STP,3.82397585868673,3.79203830486211,3.84561429388856,6.03861594026178,5.13836157663315,5.29330423026573,2.54103777687007,2.13790765011614,1.59207621799544,2.50735286377469,2.53733115766857,2.60531258758355,2.48230437020231,3.58681709393626,3.61225472576334
"Health expenditure, public (% of GDP)",SH.XPD.PUBL.ZS,Saudi Arabia,SAU,3.05183446835943,3.25646884958961,3.09008987243547,2.8964229703008,2.56182861489077,2.47836449983289,2.64139125219127,2.50739774737383,1.88940521221634,2.7882370617632,2.26520010910477,2.49588715798637,2.75228269646604,3.10036955575111,3.49078974108276
"Health expenditure, public (% of GDP)",SH.XPD.PUBL.ZS,Senegal,SEN,1.89554163200178,2.13524026931393,1.95048094003983,2.09132831992894,2.11925709329121,2.98243741931373,3.14990160765997,2.33251242772194,2.52752636982054,2.48626364811899,2.36854781272077,2.27983939973319,2.17986621799389,2.23831542383011,2.41795606966454
"Health expenditure, public (% of GDP)",SH.XPD.PUBL.ZS,Serbia,SRB,4.26781679684947,4.6004550389405,5.83758311252246,5.76694859370845,5.67261107558415,5.74270100198819,5.6649043042874,6.1466217928744,6.22821197113929,6.12657587977619,6.24199164699277,6.0396829057436,6.04971324397352,5.9843623083987,6.41650560484731
"Health expenditure, public (% of GDP)",SH.XPD.PUBL.ZS,Seychelles,SYC,3.78561466268589,3.75867650565798,3.63645877351963,4.14556713183567,3.81261054165156,3.62012941583038,3.45791098909757,3.06072880062624,2.40511835831404,2.41307816260195,3.20885975087519,3.19877167853819,3.79789253909745,3.33569944360549,3.10724273230692
"Health expenditure, public (% of GDP)",SH.XPD.PUBL.ZS,Sierra Leone,SLE,3.49413204975448,2.82414150152726,2.96491602156306,2.78426117543736,2.68391725614369,2.67617410481846,1.96169533109021,1.64537592274835,1.78792050039816,2.20751731725797,2.39694063394181,2.64693350171628,1.98087849189618,1.69465548078616,1.88380185636197
"Health expenditure, public (% of GDP)",SH.XPD.PUBL.ZS,Singapore,SGP,1.21778498929679,0.887039769302508,1.05896677433032,1.34616144573552,1.03025616177551,1.00375812308365,1.00109055422976,0.955389862461143,1.20049010971598,1.526597418584,1.37142861744208,1.34647903661812,1.50107773698959,1.73592065480574,2.05468331444546
"Health expenditure, public (% of GDP)",SH.XPD.PUBL.ZS,Sint Maarten (Dutch part),SXM,,,,,,,,,,,,,,,
"Health expenditure, public (% of GDP)",SH.XPD.PUBL.ZS,Slovak Republic,SVK,4.91524227533414,4.91484953378445,5.01370674605218,5.13887520880358,5.31974208162834,5.24105835764008,5.02021577243823,5.18430195913083,5.43530005092212,6.01203451610921,5.79713037240029,5.6439045357267,5.67922105558711,5.7880821998734,5.8395992024313
"Health expenditure, public (% of GDP)",SH.XPD.PUBL.ZS,Slovenia,SVN,6.11633280649656,6.28050219468095,6.32476385022352,6.3141208885185,6.22190452856432,6.21273331305389,6.12238299141302,5.77392957374747,6.29126391795286,6.92463368227618,6.72862594030131,6.673550482514,6.80388718703213,6.66826043719917,6.62382178699504
"Health expenditure, public (% of GDP)",SH.XPD.PUBL.ZS,Solomon Islands,SLB,4.29952127334207,6.1623372026064,5.82095779961591,5.53796596826509,5.18093745333749,7.37055860226532,6.20550744146217,5.95416560866745,5.52273210533344,7.45379023722445,7.0228951210103,4.69625037189736,5.09469495626257,4.99069526962396,4.64048231941302
"Health expenditure, public (% of GDP)",SH.XPD.PUBL.ZS,Somalia,SOM,,,,,,,,,,,,,,,
"Health expenditure, public (% of GDP)",SH.XPD.PUBL.ZS,South Africa,ZAF,3.29083907890122,3.33080340739941,3.23191745523284,3.33799479119471,3.21808613096932,3.31589857345526,3.36093291461503,3.3985272374266,3.59534550240779,3.94739832973798,3.9900538846632,4.13408349409046,4.27629350583206,4.20476090544788,4.24326873001843
"Health expenditure, public (% of GDP)",SH.XPD.PUBL.ZS,South Sudan,SSD,,,,,,,,,,,,,0.917077136931002,0.921801481229044,1.13691629701611
"Health expenditure, public (% of GDP)",SH.XPD.PUBL.ZS,Spain,ESP,5.16745964000453,5.15573848838833,5.1689360960028,5.72787554584924,5.79793600983058,5.87580310393353,6.00532063677714,6.09879014426245,6.51285614418893,7.20975995429515,7.17324211451324,7.00106113162913,6.73461520318541,6.50261020907923,6.39999190050546
"Health expenditure, public (% of GDP)",SH.XPD.PUBL.ZS,Sri Lanka,LKA,1.84632162916968,1.75820969819483,1.68333601244095,1.67761519176665,2.00550878609632,1.85010326950528,1.95005920805867,1.8259764467885,1.58152412660362,1.53517067017977,1.55380393749348,1.38092650950643,1.21959941211235,2.10256414920708,1.96395332995652
"Health expenditure, public (% of GDP)",SH.XPD.PUBL.ZS,St. Kitts and Nevis,KNA,2.57259051553378,2.26244289113806,2.09186180245418,2.08723389795728,1.87050931708344,1.92218669259484,2.33668300633675,2.15461063456682,2.03066884539645,2.19310895598868,2.53202224156915,2.26067010973979,2.37517463615462,2.18372866098485,2.14460502258233
"Health expenditure, public (% of GDP)",SH.XPD.PUBL.ZS,St. Lucia,LCA,2.87509470729575,3.24344437570355,3.26774466198155,2.94380016527451,2.94805247142677,2.8950996628187,3.11488097861636,2.97986527765961,3.57342644604059,4.40184647369559,4.03404518466125,3.26298108208193,4.20740869808462,3.53597639917805,3.59929524622675
"Health expenditure, public (% of GDP)",SH.XPD.PUBL.ZS,St. Martin (French part),MAF,,,,,,,,,,,,,,,
"Health expenditure, public (% of GDP)",SH.XPD.PUBL.ZS,St. Vincent and the Grenadines,VCT,3.06737313434376,2.95063474472679,3.23153516056485,3.20552980445677,3.02270691753566,2.95904268253474,3.18355196199167,3.22012019927386,3.94640578397973,4.33049774969034,3.85823608138226,4.0929834807803,4.40344684214797,4.30859999996334,4.38522310546041
"Health expenditure, public (% of GDP)",SH.XPD.PUBL.ZS,Sudan,SDN,0.887398962734216,0.755115842503699,0.783277975894629,0.883215532924622,1.08072276216157,1.09136400009209,1.2705627064576,1.51184239653881,2.6309555125284,2.35673486765679,2.69846891324163,2.55734350781062,1.87179556063629,1.85979375896592,1.8023618640023
"Health expenditure, public (% of GDP)",SH.XPD.PUBL.ZS,Suriname,SUR,5.61756266656712,4.184378633514,3.55135355829121,3.35714486774293,3.3271645255181,3.46938775320797,3.17779313895878,2.97729809967795,2.7096789010491,3.19651800290855,2.9303586681234,2.92140552468205,3.21586169514028,3.20256205113882,2.94062407997693
"Health expenditure, public (% of GDP)",SH.XPD.PUBL.ZS,Swaziland,SWZ,2.9584120996506,2.93365728316589,3.05045730140003,3.719224901237,3.72247656777283,4.59198890703809,4.55922204230698,4.81731525687767,5.70029507990252,5.76859485886119,5.96526638366429,5.97112592534164,6.29539313431043,7.37420407813663,7.00490949486168
"Health expenditure, public (% of GDP)",SH.XPD.PUBL.ZS,Sweden,SWE,6.94369808859668,7.18824025921963,7.51394441721853,7.63485871781615,7.39519653836876,7.35415030722087,7.25951611254829,7.25478868354012,7.52156463644262,8.10054768683923,7.71831032914291,9.91469178753619,9.95552108578272,10.0520152374935,10.0246943059583
"Health expenditure, public (% of GDP)",SH.XPD.PUBL.ZS,Switzerland,CHE,5.49217583870956,5.85294630690704,6.12377943514794,6.37975145583779,6.40031135678065,6.45940567451923,6.1417378484271,6.03241843079913,6.70373863146727,7.20971487281968,7.09727006022569,7.20092735838638,7.49878484442859,7.73380556449489,7.6951173552
"Health expenditure, public (% of GDP)",SH.XPD.PUBL.ZS,Syrian Arab Republic,SYR,1.98977916932766,2.17305147115433,2.26224293441866,2.46833816753354,2.14840897760302,2.07556844470442,1.83354684069543,1.7896512965686,1.59647670283186,1.6313763518,1.5071657948,1.50716579446075,1.50716579153131,1.50716579523952,1.50716579523952
"Health expenditure, public (% of GDP)",SH.XPD.PUBL.ZS,Tajikistan,TJK,0.946474655333809,0.949766248849888,0.906582748015812,0.910560375828769,0.943334420085179,1.1438192789988,1.12905378292318,1.18475179645691,1.37177418330646,1.47853697462432,1.59468330870416,1.71027996973974,1.87760451963724,2.06773178629561,1.9837650087103
"Health expenditure, public (% of GDP)",SH.XPD.PUBL.ZS,Tanzania,TZA,1.14593937615459,1.76959539399527,2.10662222186941,2.57352487449488,2.56594504855189,2.96516586477175,4.76350572847746,3.03847115793109,2.43587809524539,2.10963815600284,2.07289733524737,2.4866151376212,2.79046022867777,2.56540808660993,2.58995871147653
"Health expenditure, public (% of GDP)",SH.XPD.PUBL.ZS,Thailand,THA,1.90638513459297,1.86940922590466,2.35020969085666,2.28499439531319,2.28104688267589,2.28501586024208,2.53977194723885,2.7204458735675,2.97744708256162,3.05171092879972,2.84136037639855,3.20115626613476,3.24811915660785,3.09498128562676,3.20842518856753
"Health expenditure, public (% of GDP)",SH.XPD.PUBL.ZS,Timor-Leste,TLS,1.22361240228066,1.22361240057268,1.27291666739994,1.34530938011312,0.712844035590965,0.600882028182963,0.440552015630988,0.178137653449821,0.621311101966521,0.875075803090643,0.817319101758718,0.676737683610595,0.915755513522828,1.17193476882438,1.33363108444228
"Health expenditure, public (% of GDP)",SH.XPD.PUBL.ZS,Togo,TGO,1.42084296827252,1.25272483027132,0.906148993023411,1.44199981191473,1.68437320367585,1.89845596495254,2.25963314219375,2.1575735708697,2.41649179520567,3.27821544443738,1.938585137259,1.65533745871694,1.94779734379398,2.14830704777779,2.01732112975304
"Health expenditure, public (% of GDP)",SH.XPD.PUBL.ZS,Tonga,TON,3.35035807406642,4.28410043443024,3.80791978404012,4.23304111067759,4.05093462232541,5.6803804936952,4.87918391585216,4.76281828912951,4.18653704457001,3.70510995813225,3.69486834075485,3.22352438694601,3.64053034459279,4.05562430844767,4.26569894666316
"Health expenditure, public (% of GDP)",SH.XPD.PUBL.ZS,Trinidad and Tobago,TTO,1.9555948977711,2.22698119584911,2.64700657255677,2.59997322874635,2.5997772307188,2.64198168743331,2.23197730159405,2.37526742971435,2.16445030070559,3.28081067915924,3.01833869690577,2.68015137150495,2.89498885177654,3.14449427397805,3.17462752101452
"Health expenditure, public (% of GDP)",SH.XPD.PUBL.ZS,Tunisia,TUN,2.96160995205514,2.83444794933708,2.80141765950791,2.83340534690906,2.91368590847736,2.86603629778984,2.95506621804082,2.95239633011173,3.04191229761163,3.50737885567,3.82921247278598,4.16722401227533,4.157872526094,4.22962329399307,3.96881649478398
"Health expenditure, public (% of GDP)",SH.XPD.PUBL.ZS,Turkey,TUR,3.11423964661265,3.51255380606591,3.78627821522409,3.83965319830262,3.82607108839553,3.69638290844513,3.97103966821117,4.09521857505764,4.43529520208843,4.9225319967521,4.41227043935597,4.20585980375093,4.14914329993717,4.22563990943316,4.19377896891315
"Health expenditure, public (% of GDP)",SH.XPD.PUBL.ZS,Turkmenistan,TKM,3.21462760511691,2.8179170694948,2.43147656956295,2.70852621900242,2.42143050833737,2.02105027257316,1.54554851687606,1.3881481490406,0.946836468380939,1.16307322460931,1.22363787355107,1.2680972712279,1.27337638827564,1.42600223673494,1.34853056351709
"Health expenditure, public (% of GDP)",SH.XPD.PUBL.ZS,Turks and Caicos Islands,TCA,,,,,,,,,,,,,,,
"Health expenditure, public (% of GDP)",SH.XPD.PUBL.ZS,Tuvalu,TUV,15.6666666631367,17.2692307713472,14.3862068958353,21.6540942877063,16.7489720706305,18.2343773222722,19.2567521645251,16.8560976315146,13.2683437474826,12.6933441690656,16.6285714328479,16.8421052667732,13.6410256455413,16.4749999999445,16.4047619085355
"Health expenditure, public (% of GDP)",SH.XPD.PUBL.ZS,Uganda,UGA,1.8379589263854,1.98004866393839,2.10532192633307,1.94810848465949,2.26555176929919,2.36197808011054,2.47235711078547,2.46180942916207,2.30281953586268,1.81433436631904,3.11835842193775,2.63326717742474,2.15389932018782,2.08789671733728,1.80125131739959
"Health expenditure, public (% of GDP)",SH.XPD.PUBL.ZS,Ukraine,UKR,2.89545481364625,3.07213869253351,3.51401620785039,4.04259006083227,3.86974701328218,3.81173944244359,3.88456923154143,3.93045394293679,3.82509050101464,4.29235393239552,4.42133480593635,3.72982124235361,4.1252404402682,4.1507949049984,3.60452112096628
"Health expenditure, public (% of GDP)",SH.XPD.PUBL.ZS,United Arab Emirates,ARE,1.6770585922995,1.94449209897612,1.71398298171712,1.67154036996612,1.45604252989122,1.36889724991564,1.38250695104094,1.55537723796266,1.92163410328097,3.03412594741979,2.83416558606507,2.73248804155118,2.55002588867876,2.55732608734808,2.6361515793596
"Health expenditure, public (% of GDP)",SH.XPD.PUBL.ZS,United Kingdom,GBR,5.52346736571893,5.76594988540655,6.0400162061538,6.20956799998828,6.4824299758825,6.6583449191426,6.82659841098248,6.79448109618736,7.22015292265785,8.16289805598149,7.94167603047038,7.76541129298058,7.80263315967313,7.78048093805649,7.57885016897961
"Health expenditure, public (% of GDP)",SH.XPD.PUBL.ZS,United States,USA,5.65347101823722,6.07409800625526,6.42394079562857,6.6188675369481,6.69810038957199,6.72260897810609,6.88253253857883,7.01636006046715,7.36788367263768,8.01454967529736,8.07978443504282,8.07412665955586,8.04235780944976,8.04500677403879,8.27851771115358
"Health expenditure, public (% of GDP)",SH.XPD.PUBL.ZS,Uruguay,URY,2.71154754839502,2.31432705195327,2.04471646567849,1.75342772238226,7.29388408401751,7.06981076561022,7.24502509076742,4.59327489901545,5.29781274920417,5.35267688774142,5.37243200003238,5.52095068488001,5.94708867834636,6.07463522766298,6.11148430367102
"Health expenditure, public (% of GDP)",SH.XPD.PUBL.ZS,Uzbekistan,UZB,2.51569081600669,2.55011410699244,2.42405532642206,2.38060370212104,2.26249735010083,2.27901327386094,2.45480338924786,2.29868747647313,2.52990005423953,2.61929018466471,2.75131715550636,2.86390061948195,3.12737145313871,3.11790625744906,3.11124825012567
"Health expenditure, public (% of GDP)",SH.XPD.PUBL.ZS,Vanuatu,VUT,2.73692933982695,2.78855013629012,2.90766024634942,3.41892713871359,3.52465698477247,3.29299624675573,3.4274453168001,3.16168153628725,3.17989157428243,3.40232269766067,4.18259763889827,3.32017834712775,3.16739625806015,3.39147527240792,4.51074954565946
"Health expenditure, public (% of GDP)",SH.XPD.PUBL.ZS,"Venezuela, RB",VEN,2.16305948330182,2.34075670164869,2.15133200188644,2.07930049568986,2.15814062675915,2.15333242798731,2.22177012306244,2.46478120272431,1.23048911519538,2.49631244178461,2.08823927834936,2.33545128969734,1.67563802680901,1.54285908829482,1.54276594631931
"Health expenditure, public (% of GDP)",SH.XPD.PUBL.ZS,Vietnam,VNM,1.51386344363353,1.62756070629809,1.44773560912774,1.5518224257145,1.39364958082698,1.41956956366077,1.94486752959574,2.56355226792355,2.13196320159704,2.56918742169695,2.96096662949539,2.80500186655893,3.72212414119347,3.79636056223032,3.82001910530043
"Health expenditure, public (% of GDP)",SH.XPD.PUBL.ZS,Virgin Islands (U.S.),VIR,,,,,,,,,,,,,,,
"Health expenditure, public (% of GDP)",SH.XPD.PUBL.ZS,West Bank and Gaza,PSE,,,,,,,,,,,,,,,
"Health expenditure, public (% of GDP)",SH.XPD.PUBL.ZS,"Yemen, Rep.",YEM,2.2352856274825,2.29418065110764,2.14264850282762,2.18173072672284,1.85433053960536,1.55111697574056,1.52160194379096,1.46278957610922,1.56501830075649,1.3366978039879,1.29913089529553,1.35044690329532,1.57162781855234,1.41000997089637,1.27187098607851
"Health expenditure, public (% of GDP)",SH.XPD.PUBL.ZS,Zambia,ZMB,3.71989992302801,3.52655921064208,4.01810962740509,4.18766915978594,3.65708438968569,3.95697900655122,2.75584562029909,1.8858220229097,2.18994158040475,2.26166778498828,2.27995642041344,2.14893195655772,2.53637045939807,2.76540471910366,2.76009454497481
"Health expenditure, public (% of GDP)",SH.XPD.PUBL.ZS,Zimbabwe,ZWE,4.36710396424636,3.18420467313096,3.22574717091239,3.22444136121249,3.77954336250818,2.73761626118614,1.05872016369864,0.577384415348115,0.368426339533762,1.4835996726159,1.68436008768478,2.12114999190899,2.77162003785604,2.84744955514307,2.46649526858482